Mine_ID,Mine_Name,District,State,Mine_Type,Date,Production_Target_Tonnes,Actual_Production_Tonnes,Equipment_Availability_Pct,Equipment_Downtime_Hours,Rainfall_mm,Blasting_Delay_Days,Working_Days,Month,Quarter,Production_Lag_1,Equip_Avail_Lag_1,Downtime_Lag_1,Production_Rolling_3,Equip_Avail_Rolling_3,Downtime_Per_Working_Day,Effective_Capacity
MOIL-01,3,Bhandara,2,1,2022-01-01,30251.0,27898.0,86.6,43.2,9.0,0,24,1,1,25030.485714285714,85.05428571428571,47.13142857142857,25028.766666666666,85.00238095238095,1.8,20.78
MOIL-01,3,Bhandara,2,1,2022-02-01,29168.0,24941.0,85.3,43.8,13.6,0,23,2,1,27898.0,86.6,43.2,27898.0,86.6,1.9,19.62
MOIL-01,3,Bhandara,2,1,2022-03-01,32304.0,30463.0,82.8,65.4,11.6,0,26,3,1,24941.0,85.3,43.8,26419.5,85.94999999999999,2.52,21.53
MOIL-01,3,Bhandara,2,1,2022-04-01,30853.0,27307.0,85.2,37.8,21.9,0,25,4,2,30463.0,82.8,65.4,27767.333333333332,84.89999999999999,1.51,21.3
MOIL-01,3,Bhandara,2,1,2022-05-01,30197.0,28681.0,83.3,54.0,42.2,0,25,5,2,27307.0,85.2,37.8,27570.333333333332,84.43333333333334,2.16,20.82
MOIL-01,3,Bhandara,2,1,2022-06-01,27351.0,23308.0,81.3,53.3,166.5,0,25,6,2,28681.0,83.3,54.0,28817.0,83.76666666666667,2.13,20.32
MOIL-01,3,Bhandara,2,1,2022-07-01,22643.0,17803.0,82.8,41.6,320.7,0,24,7,3,23308.0,81.3,53.3,26432.0,83.26666666666667,1.73,19.87
MOIL-01,3,Bhandara,2,1,2022-08-01,24903.0,22090.0,80.6,50.3,182.2,0,25,8,3,17803.0,82.8,41.6,23264.0,82.46666666666667,2.01,20.15
MOIL-01,3,Bhandara,2,1,2022-09-01,26483.0,17411.0,81.1,48.6,350.2,2,25,9,3,22090.0,80.6,50.3,21067.0,81.56666666666666,1.94,20.27
MOIL-01,3,Bhandara,2,1,2022-10-01,28048.0,26127.0,84.6,57.5,40.7,0,24,10,4,17411.0,81.1,48.6,19101.333333333332,81.49999999999999,2.4,20.3
MOIL-01,3,Bhandara,2,1,2022-11-01,31146.0,25305.0,87.5,33.5,33.6,1,23,11,4,26127.0,84.6,57.5,21876.0,82.1,1.46,20.12
MOIL-01,3,Bhandara,2,1,2022-12-01,29740.0,27817.0,85.8,43.4,9.4,0,26,12,4,25305.0,87.5,33.5,22947.666666666668,84.39999999999999,1.67,22.31
MOIL-01,3,Bhandara,2,1,2023-01-01,29635.0,24286.0,86.8,34.0,8.5,0,23,1,1,27817.0,85.8,43.4,26416.333333333332,85.96666666666665,1.48,19.96
MOIL-01,3,Bhandara,2,1,2023-02-01,30367.0,26160.0,88.4,29.7,19.4,2,23,2,1,24286.0,86.8,34.0,25802.666666666668,86.7,1.29,20.33
MOIL-01,3,Bhandara,2,1,2023-03-01,29709.0,27951.0,91.2,30.0,12.0,0,25,3,1,26160.0,88.4,29.7,26087.666666666668,87.0,1.2,22.8
MOIL-01,3,Bhandara,2,1,2023-04-01,30662.0,26652.0,82.3,58.3,24.4,0,24,4,2,27951.0,91.2,30.0,26132.333333333332,88.8,2.43,19.75
MOIL-01,3,Bhandara,2,1,2023-05-01,31332.0,29364.0,84.3,63.3,31.6,0,26,5,2,26652.0,82.3,58.3,26921.0,87.3,2.43,21.92
MOIL-01,3,Bhandara,2,1,2023-06-01,28000.0,23110.0,79.2,61.5,294.3,0,25,6,2,29364.0,84.3,63.3,27989.0,85.93333333333334,2.46,19.8
MOIL-01,3,Bhandara,2,1,2023-07-01,23408.0,18729.0,81.1,62.0,300.5,0,25,7,3,23110.0,79.2,61.5,26375.333333333332,81.93333333333334,2.48,20.27
MOIL-01,3,Bhandara,2,1,2023-08-01,25326.0,18706.0,82.0,59.6,186.5,2,25,8,3,18729.0,81.1,62.0,23734.333333333332,81.53333333333333,2.38,20.5
MOIL-01,3,Bhandara,2,1,2023-09-01,25662.0,18655.0,79.3,63.7,231.7,0,24,9,3,18706.0,82.0,59.6,20181.666666666668,80.76666666666667,2.65,19.03
MOIL-01,3,Bhandara,2,1,2023-10-01,29736.0,24645.0,86.6,48.7,72.8,0,23,10,4,18655.0,79.3,63.7,18696.666666666668,80.8,2.12,19.92
MOIL-01,3,Bhandara,2,1,2023-11-01,31167.0,31229.0,89.6,34.2,22.2,0,25,11,4,24645.0,86.6,48.7,20668.666666666668,82.63333333333333,1.37,22.4
MOIL-01,3,Bhandara,2,1,2023-12-01,31560.0,27672.0,89.6,33.7,7.1,0,23,12,4,31229.0,89.6,34.2,24843.0,85.16666666666667,1.47,20.61
MOIL-01,3,Bhandara,2,1,2024-01-01,31409.0,28935.0,98.6,4.8,9.0,0,25,1,1,27672.0,89.6,33.7,27848.666666666668,88.59999999999998,0.19,24.65
MOIL-01,3,Bhandara,2,1,2024-02-01,30719.0,25847.0,86.9,39.4,11.3,0,23,2,1,28935.0,98.6,4.8,29278.666666666668,92.60000000000001,1.71,19.99
MOIL-01,3,Bhandara,2,1,2024-03-01,31695.0,27864.0,90.3,31.4,13.2,0,25,3,1,25847.0,86.9,39.4,27484.666666666668,91.69999999999999,1.26,22.58
MOIL-01,3,Bhandara,2,1,2024-04-01,31946.0,29406.0,91.1,33.8,16.7,0,24,4,2,27864.0,90.3,31.4,27548.666666666668,91.93333333333334,1.41,21.86
MOIL-01,3,Bhandara,2,1,2024-05-01,30505.0,31332.0,86.7,54.5,28.1,0,26,5,2,29406.0,91.1,33.8,27705.666666666668,89.43333333333332,2.1,22.54
MOIL-01,3,Bhandara,2,1,2024-06-01,28282.0,23749.0,76.6,84.6,150.6,0,23,6,2,31332.0,86.7,54.5,29534.0,89.36666666666667,3.68,17.62
MOIL-01,3,Bhandara,2,1,2024-07-01,25359.0,19931.0,80.1,51.5,228.8,1,25,7,3,23749.0,76.6,84.6,28162.333333333332,84.8,2.06,20.02
MOIL-01,3,Bhandara,2,1,2024-08-01,23790.0,19918.0,77.1,80.6,199.4,0,26,8,3,19931.0,80.1,51.5,25004.0,81.13333333333333,3.1,20.05
MOIL-01,3,Bhandara,2,1,2024-09-01,27519.0,19026.0,83.2,38.8,245.3,0,23,9,3,19918.0,77.1,80.6,21199.333333333332,77.93333333333334,1.69,19.14
MOIL-01,3,Bhandara,2,1,2024-10-01,27883.0,25102.0,93.4,25.8,85.8,0,25,10,4,19026.0,83.2,38.8,19625.0,80.13333333333333,1.03,23.35
MOIL-01,3,Bhandara,2,1,2024-11-01,31521.0,28647.0,85.6,53.3,30.5,0,25,11,4,25102.0,93.4,25.8,21348.666666666668,84.56666666666668,2.13,21.4
MOIL-01,3,Bhandara,2,1,2024-12-01,30696.0,27331.0,84.5,53.6,11.5,0,24,12,4,28647.0,85.6,53.3,24258.333333333332,87.40000000000002,2.23,20.28
MOIL-01,3,Bhandara,2,1,2025-01-01,32543.0,30076.0,90.5,34.4,6.7,0,24,1,1,27331.0,84.5,53.6,27026.666666666668,87.83333333333333,1.43,21.72
MOIL-01,3,Bhandara,2,1,2025-02-01,31521.0,21094.0,89.0,29.3,14.8,4,22,2,1,30076.0,90.5,34.4,28684.666666666668,86.86666666666667,1.33,19.58
MOIL-01,3,Bhandara,2,1,2025-03-01,32884.0,28229.0,88.8,33.5,15.4,0,24,3,1,21094.0,89.0,29.3,26167.0,88.0,1.4,21.31
MOIL-01,3,Bhandara,2,1,2025-04-01,31792.0,29644.0,84.9,49.5,23.1,0,25,4,2,28229.0,88.8,33.5,26466.333333333332,89.43333333333334,1.98,21.22
MOIL-01,3,Bhandara,2,1,2025-05-01,31376.0,27863.0,85.3,37.7,38.6,3,25,5,2,29644.0,84.9,49.5,26322.333333333332,87.56666666666666,1.51,21.32
MOIL-01,3,Bhandara,2,1,2025-06-01,29208.0,20094.0,77.1,51.1,158.5,0,22,6,2,27863.0,85.3,37.7,28578.666666666668,86.33333333333333,2.32,16.96
MOIL-01,3,Bhandara,2,1,2025-07-01,26584.0,21371.0,78.6,55.4,278.7,1,26,7,3,20094.0,77.1,51.1,25867.0,82.43333333333332,2.13,20.44
MOIL-01,3,Bhandara,2,1,2025-08-01,25451.0,20312.0,80.3,49.6,286.1,0,25,8,3,21371.0,78.6,55.4,23109.333333333332,80.33333333333333,1.98,20.08
MOIL-01,3,Bhandara,2,1,2025-09-01,29955.0,23443.0,86.7,49.1,169.5,1,24,9,3,20312.0,80.3,49.6,20592.333333333332,78.66666666666667,2.05,20.81
MOIL-01,3,Bhandara,2,1,2025-10-01,30345.0,30840.0,84.7,63.0,43.0,0,26,10,4,23443.0,86.7,49.1,21708.666666666668,81.86666666666666,2.42,22.02
MOIL-01,3,Bhandara,2,1,2025-11-01,30612.0,29448.0,89.9,37.4,28.6,0,24,11,4,30840.0,84.7,63.0,24865.0,83.89999999999999,1.56,21.58
MOIL-01,3,Bhandara,2,1,2025-12-01,33018.0,30600.0,81.9,71.5,9.3,0,25,12,4,29448.0,89.9,37.4,27910.333333333332,87.10000000000001,2.86,20.48
MOIL-02,5,Nagpur,2,1,2022-01-01,22003.0,18718.0,86.8,44.9,7.8,0,23,1,1,17905.942857142858,85.96857142857144,43.22857142857143,17875.10476190476,85.93809523809524,1.95,19.96
MOIL-02,5,Nagpur,2,1,2022-02-01,22340.0,18402.0,87.4,32.1,7.2,0,23,2,1,18718.0,86.8,44.9,18718.0,86.8,1.4,20.1
MOIL-02,5,Nagpur,2,1,2022-03-01,23360.0,22896.0,93.1,22.3,15.9,0,25,3,1,18402.0,87.4,32.1,18560.0,87.1,0.89,23.28
MOIL-02,5,Nagpur,2,1,2022-04-01,22903.0,21464.0,88.9,39.1,18.7,0,25,4,2,22896.0,93.1,22.3,20005.333333333332,89.10000000000001,1.56,22.22
MOIL-02,5,Nagpur,2,1,2022-05-01,23075.0,20156.0,86.6,43.2,42.8,0,25,5,2,21464.0,88.9,39.1,20920.666666666668,89.8,1.73,21.65
MOIL-02,5,Nagpur,2,1,2022-06-01,19626.0,15518.0,81.7,53.5,215.8,0,25,6,2,20156.0,86.6,43.2,21505.333333333332,89.53333333333335,2.14,20.42
MOIL-02,5,Nagpur,2,1,2022-07-01,16949.0,13269.0,79.5,78.6,305.7,0,25,7,3,15518.0,81.7,53.5,19046.0,85.73333333333333,3.14,19.88
MOIL-02,5,Nagpur,2,1,2022-08-01,17474.0,14116.0,79.1,64.8,223.7,0,26,8,3,13269.0,79.5,78.6,16314.333333333334,82.60000000000001,2.49,20.57
MOIL-02,5,Nagpur,2,1,2022-09-01,18874.0,13568.0,80.0,46.0,156.8,3,23,9,3,14116.0,79.1,64.8,14301.0,80.1,2.0,18.4
MOIL-02,5,Nagpur,2,1,2022-10-01,19453.0,17335.0,85.1,51.4,27.6,1,24,10,4,13568.0,80.0,46.0,13651.0,79.53333333333333,2.14,20.42
MOIL-02,5,Nagpur,2,1,2022-11-01,21501.0,18295.0,87.2,41.6,18.9,0,25,11,4,17335.0,85.1,51.4,15006.333333333334,81.39999999999999,1.66,21.8
MOIL-02,5,Nagpur,2,1,2022-12-01,22582.0,21516.0,92.1,30.1,8.4,0,26,12,4,18295.0,87.2,41.6,16399.333333333332,84.10000000000001,1.16,23.95
MOIL-02,5,Nagpur,2,1,2023-01-01,23051.0,23219.0,91.7,23.7,7.1,0,25,1,1,21516.0,92.1,30.1,19048.666666666668,88.13333333333333,0.95,22.92
MOIL-02,5,Nagpur,2,1,2023-02-01,22118.0,18588.0,85.0,37.2,12.4,0,23,2,1,23219.0,91.7,23.7,21010.0,90.33333333333333,1.62,19.55
MOIL-02,5,Nagpur,2,1,2023-03-01,22771.0,20388.0,86.7,47.3,16.5,0,24,3,1,18588.0,85.0,37.2,21107.666666666668,89.60000000000001,1.97,20.81
MOIL-02,5,Nagpur,2,1,2023-04-01,22817.0,18943.0,85.0,42.0,28.1,0,24,4,2,20388.0,86.7,47.3,20731.666666666668,87.8,1.75,20.4
MOIL-02,5,Nagpur,2,1,2023-05-01,22010.0,20237.0,89.4,28.1,21.7,0,25,5,2,18943.0,85.0,42.0,19306.333333333332,85.56666666666666,1.12,22.35
MOIL-02,5,Nagpur,2,1,2023-06-01,21354.0,13314.0,78.0,64.6,214.2,4,24,6,2,20237.0,89.4,28.1,19856.0,87.03333333333335,2.69,18.72
MOIL-02,5,Nagpur,2,1,2023-07-01,18212.0,12745.0,88.0,42.3,314.2,1,24,7,3,13314.0,78.0,64.6,17498.0,84.13333333333334,1.76,21.12
MOIL-02,5,Nagpur,2,1,2023-08-01,18811.0,14673.0,81.3,53.9,283.5,0,24,8,3,12745.0,88.0,42.3,15432.0,85.13333333333334,2.25,19.51
MOIL-02,5,Nagpur,2,1,2023-09-01,18771.0,15743.0,80.6,74.7,205.5,0,25,9,3,14673.0,81.3,53.9,13577.333333333334,82.43333333333332,2.99,20.15
MOIL-02,5,Nagpur,2,1,2023-10-01,21482.0,18899.0,87.5,31.7,85.3,0,24,10,4,15743.0,80.6,74.7,14387.0,83.3,1.32,21.0
MOIL-02,5,Nagpur,2,1,2023-11-01,22262.0,18038.0,88.2,32.0,34.4,0,23,11,4,18899.0,87.5,31.7,16438.333333333332,83.13333333333333,1.39,20.29
MOIL-02,5,Nagpur,2,1,2023-12-01,23335.0,19543.0,89.6,35.0,8.6,0,24,12,4,18038.0,88.2,32.0,17560.0,85.43333333333334,1.46,21.5
MOIL-02,5,Nagpur,2,1,2024-01-01,23065.0,21114.0,89.5,34.3,8.3,0,26,1,1,19543.0,89.6,35.0,18826.666666666668,88.43333333333334,1.32,23.27
MOIL-02,5,Nagpur,2,1,2024-02-01,23359.0,18672.0,87.3,39.3,12.1,0,22,2,1,21114.0,89.5,34.3,19565.0,89.10000000000001,1.79,19.21
MOIL-02,5,Nagpur,2,1,2024-03-01,22227.0,20855.0,92.7,27.3,10.0,0,24,3,1,18672.0,87.3,39.3,19776.333333333332,88.8,1.14,22.25
MOIL-02,5,Nagpur,2,1,2024-04-01,22598.0,19891.0,86.5,49.7,22.6,1,25,4,2,20855.0,92.7,27.3,20213.666666666668,89.83333333333333,1.99,21.62
MOIL-02,5,Nagpur,2,1,2024-05-01,22137.0,18940.0,83.1,52.8,23.7,0,25,5,2,19891.0,86.5,49.7,19806.0,88.83333333333333,2.11,20.78
MOIL-02,5,Nagpur,2,1,2024-06-01,20878.0,15404.0,87.7,26.2,177.6,0,22,6,2,18940.0,83.1,52.8,19895.333333333332,87.43333333333334,1.19,19.29
MOIL-02,5,Nagpur,2,1,2024-07-01,17925.0,13681.0,84.1,57.2,280.0,4,25,7,3,15404.0,87.7,26.2,18078.333333333332,85.76666666666667,2.29,21.02
MOIL-02,5,Nagpur,2,1,2024-08-01,16549.0,14257.0,84.3,50.7,188.0,0,26,8,3,13681.0,84.1,57.2,16008.333333333334,84.96666666666667,1.95,21.92
MOIL-02,5,Nagpur,2,1,2024-09-01,20076.0,14438.0,79.6,45.8,123.1,3,23,9,3,14257.0,84.3,50.7,14447.333333333334,85.36666666666667,1.99,18.31
MOIL-02,5,Nagpur,2,1,2024-10-01,21650.0,20512.0,87.3,35.5,46.7,0,26,10,4,14438.0,79.6,45.8,14125.333333333334,82.66666666666667,1.37,22.7
MOIL-02,5,Nagpur,2,1,2024-11-01,22446.0,19361.0,88.3,34.1,29.4,0,24,11,4,20512.0,87.3,35.5,16402.333333333332,83.73333333333333,1.42,21.19
MOIL-02,5,Nagpur,2,1,2024-12-01,22341.0,20528.0,83.3,50.2,6.9,0,25,12,4,19361.0,88.3,34.1,18103.666666666668,85.06666666666666,2.01,20.82
MOIL-02,5,Nagpur,2,1,2025-01-01,23961.0,22959.0,92.1,32.2,3.8,0,26,1,1,20528.0,83.3,50.2,20133.666666666668,86.3,1.24,23.95
MOIL-02,5,Nagpur,2,1,2025-02-01,23764.0,18822.0,93.5,16.8,11.8,3,23,2,1,22959.0,92.1,32.2,20949.333333333332,87.89999999999999,0.73,21.5
MOIL-02,5,Nagpur,2,1,2025-03-01,23489.0,21386.0,88.7,37.3,8.9,0,24,3,1,18822.0,93.5,16.8,20769.666666666668,89.63333333333333,1.55,21.29
MOIL-02,5,Nagpur,2,1,2025-04-01,22475.0,17863.0,81.5,55.0,22.6,1,23,4,2,21386.0,88.7,37.3,21055.666666666668,91.43333333333334,2.39,18.74
MOIL-02,5,Nagpur,2,1,2025-05-01,23699.0,21026.0,82.8,53.1,29.6,0,26,5,2,17863.0,81.5,55.0,19357.0,87.89999999999999,2.04,21.53
MOIL-02,5,Nagpur,2,1,2025-06-01,20602.0,16571.0,81.2,55.2,188.3,0,23,6,2,21026.0,82.8,53.1,20091.666666666668,84.33333333333333,2.4,18.68
MOIL-02,5,Nagpur,2,1,2025-07-01,19073.0,14098.0,79.6,65.7,292.6,3,26,7,3,16571.0,81.2,55.2,18486.666666666668,81.83333333333333,2.53,20.7
MOIL-02,5,Nagpur,2,1,2025-08-01,18507.0,14714.0,75.5,80.0,334.4,0,25,8,3,14098.0,79.6,65.7,17231.666666666668,81.2,3.2,18.88
MOIL-02,5,Nagpur,2,1,2025-09-01,20805.0,17225.0,82.9,47.1,229.6,0,25,9,3,14714.0,75.5,80.0,15127.666666666666,78.76666666666667,1.88,20.72
MOIL-02,5,Nagpur,2,1,2025-10-01,22849.0,21496.0,83.8,65.4,67.2,0,26,10,4,17225.0,82.9,47.1,15345.666666666666,79.33333333333333,2.52,21.79
MOIL-02,5,Nagpur,2,1,2025-11-01,23033.0,18953.0,89.7,23.3,22.1,0,23,11,4,21496.0,83.8,65.4,17811.666666666668,80.73333333333333,1.01,20.63
MOIL-02,5,Nagpur,2,1,2025-12-01,23030.0,21684.0,86.4,44.4,13.2,0,25,12,4,18953.0,89.7,23.3,19224.666666666668,85.46666666666665,1.78,21.6
MOIL-03,6,Nagpur,2,0,2022-01-01,18385.0,14853.0,91.8,31.1,5.3,4,25,1,1,15054.914285714285,88.71428571428571,34.05428571428572,15035.914285714285,88.93428571428572,1.24,22.95
MOIL-03,6,Nagpur,2,0,2022-02-01,18169.0,14209.0,92.8,26.3,16.2,0,23,2,1,14853.0,91.8,31.1,14853.0,91.8,1.14,21.34
MOIL-03,6,Nagpur,2,0,2022-03-01,16956.0,16346.0,89.2,32.1,13.4,0,26,3,1,14209.0,92.8,26.3,14531.0,92.3,1.23,23.19
MOIL-03,6,Nagpur,2,0,2022-04-01,17641.0,16915.0,96.9,7.6,18.9,0,23,4,2,16346.0,89.2,32.1,15136.0,91.26666666666667,0.33,22.29
MOIL-03,6,Nagpur,2,0,2022-05-01,17732.0,17373.0,88.4,31.3,29.4,0,25,5,2,16915.0,96.9,7.6,15823.333333333334,92.96666666666665,1.25,22.1
MOIL-03,6,Nagpur,2,0,2022-06-01,16182.0,15469.0,84.6,40.8,154.3,0,24,6,2,17373.0,88.4,31.3,16878.0,91.5,1.7,20.3
MOIL-03,6,Nagpur,2,0,2022-07-01,14693.0,12850.0,84.3,61.7,254.6,0,25,7,3,15469.0,84.6,40.8,16585.666666666668,89.96666666666668,2.47,21.08
MOIL-03,6,Nagpur,2,0,2022-08-01,15369.0,10009.0,85.6,37.9,208.1,3,26,8,3,12850.0,84.3,61.7,15230.666666666666,85.76666666666665,1.46,22.26
MOIL-03,6,Nagpur,2,0,2022-09-01,16159.0,14779.0,87.3,34.5,166.8,0,24,9,3,10009.0,85.6,37.9,12776.0,84.83333333333333,1.44,20.95
MOIL-03,6,Nagpur,2,0,2022-10-01,17731.0,15760.0,93.2,22.1,76.6,0,24,10,4,14779.0,87.3,34.5,12546.0,85.73333333333333,0.92,22.37
MOIL-03,6,Nagpur,2,0,2022-11-01,18103.0,16961.0,91.5,30.4,20.7,0,24,11,4,15760.0,93.2,22.1,13516.0,88.7,1.27,21.96
MOIL-03,6,Nagpur,2,0,2022-12-01,18118.0,17392.0,89.1,39.4,6.6,0,25,12,4,16961.0,91.5,30.4,15833.333333333334,90.66666666666667,1.58,22.28
MOIL-03,6,Nagpur,2,0,2023-01-01,18432.0,16949.0,91.2,25.4,8.4,0,25,1,1,17392.0,89.1,39.4,16704.333333333332,91.26666666666665,1.02,22.8
MOIL-03,6,Nagpur,2,0,2023-02-01,18564.0,13560.0,88.3,35.5,12.4,1,21,2,1,16949.0,91.2,25.4,17100.666666666668,90.60000000000001,1.69,18.54
MOIL-03,6,Nagpur,2,0,2023-03-01,17696.0,17139.0,95.6,18.3,12.9,0,26,3,1,13560.0,88.3,35.5,15967.0,89.53333333333335,0.7,24.86
MOIL-03,6,Nagpur,2,0,2023-04-01,19068.0,16936.0,93.4,18.0,23.5,0,24,4,2,17139.0,95.6,18.3,15882.666666666666,91.7,0.75,22.42
MOIL-03,6,Nagpur,2,0,2023-05-01,18845.0,17583.0,86.8,39.0,51.2,0,26,5,2,16936.0,93.4,18.0,15878.333333333334,92.43333333333334,1.5,22.57
MOIL-03,6,Nagpur,2,0,2023-06-01,16403.0,13518.0,85.7,47.8,245.0,0,23,6,2,17583.0,86.8,39.0,17219.333333333332,91.93333333333334,2.08,19.71
MOIL-03,6,Nagpur,2,0,2023-07-01,13955.0,11643.0,87.9,31.5,367.4,0,25,7,3,13518.0,85.7,47.8,16012.333333333334,88.63333333333333,1.26,21.98
MOIL-03,6,Nagpur,2,0,2023-08-01,13668.0,12031.0,81.7,46.0,215.7,2,26,8,3,11643.0,87.9,31.5,14248.0,86.8,1.77,21.24
MOIL-03,6,Nagpur,2,0,2023-09-01,17454.0,13538.0,88.1,36.2,227.3,1,24,9,3,12031.0,81.7,46.0,12397.333333333334,85.10000000000001,1.51,21.14
MOIL-03,6,Nagpur,2,0,2023-10-01,17462.0,14907.0,87.4,37.3,65.4,1,25,10,4,13538.0,88.1,36.2,12404.0,85.89999999999999,1.49,21.85
MOIL-03,6,Nagpur,2,0,2023-11-01,19338.0,17734.0,91.9,21.6,31.2,2,25,11,4,14907.0,87.4,37.3,13492.0,85.73333333333333,0.86,22.98
MOIL-03,6,Nagpur,2,0,2023-12-01,18873.0,19226.0,90.3,36.0,11.6,0,25,12,4,17734.0,91.9,21.6,15393.0,89.13333333333334,1.44,22.58
MOIL-03,6,Nagpur,2,0,2024-01-01,18163.0,16317.0,88.5,30.4,6.7,0,24,1,1,19226.0,90.3,36.0,17289.0,89.86666666666667,1.27,21.24
MOIL-03,6,Nagpur,2,0,2024-02-01,19127.0,16253.0,87.2,47.0,18.4,0,23,2,1,16317.0,88.5,30.4,17759.0,90.23333333333335,2.04,20.06
MOIL-03,6,Nagpur,2,0,2024-03-01,17713.0,15084.0,85.0,49.2,14.0,0,23,3,1,16253.0,87.2,47.0,17265.333333333332,88.66666666666667,2.14,19.55
MOIL-03,6,Nagpur,2,0,2024-04-01,19682.0,17297.0,89.7,39.1,25.2,0,25,4,2,15084.0,85.0,49.2,15884.666666666666,86.89999999999999,1.56,22.42
MOIL-03,6,Nagpur,2,0,2024-05-01,18895.0,18084.0,94.1,15.4,47.9,0,25,5,2,17297.0,89.7,39.1,16211.333333333334,87.3,0.62,23.52
MOIL-03,6,Nagpur,2,0,2024-06-01,15534.0,11441.0,87.9,30.9,163.3,5,24,6,2,18084.0,94.1,15.4,16821.666666666668,89.60000000000001,1.29,21.1
MOIL-03,6,Nagpur,2,0,2024-07-01,13845.0,10478.0,85.8,37.9,247.3,1,24,7,3,11441.0,87.9,30.9,15607.333333333334,90.56666666666668,1.58,20.59
MOIL-03,6,Nagpur,2,0,2024-08-01,14787.0,12654.0,82.4,43.3,232.2,0,25,8,3,10478.0,85.8,37.9,13334.333333333334,89.26666666666667,1.73,20.6
MOIL-03,6,Nagpur,2,0,2024-09-01,16867.0,12181.0,89.9,22.9,207.2,1,22,9,3,12654.0,82.4,43.3,11524.333333333334,85.36666666666667,1.04,19.78
MOIL-03,6,Nagpur,2,0,2024-10-01,16705.0,12674.0,90.2,23.2,48.2,5,24,10,4,12181.0,89.9,22.9,11771.0,86.03333333333335,0.97,21.65
MOIL-03,6,Nagpur,2,0,2024-11-01,19318.0,16779.0,81.3,64.8,31.2,1,25,11,4,12674.0,90.2,23.2,12503.0,87.5,2.59,20.32
MOIL-03,6,Nagpur,2,0,2024-12-01,18837.0,18308.0,89.4,37.2,8.4,0,25,12,4,16779.0,81.3,64.8,13878.0,87.13333333333334,1.49,22.35
MOIL-03,6,Nagpur,2,0,2025-01-01,19677.0,19402.0,90.9,22.3,9.9,0,25,1,1,18308.0,89.4,37.2,15920.333333333334,86.96666666666665,0.89,22.72
MOIL-03,6,Nagpur,2,0,2025-02-01,18673.0,13323.0,90.9,32.0,16.9,5,22,2,1,19402.0,90.9,22.3,18163.0,87.2,1.45,20.0
MOIL-03,6,Nagpur,2,0,2025-03-01,19645.0,17633.0,91.4,24.1,21.1,0,23,3,1,13323.0,90.9,32.0,17011.0,90.39999999999999,1.05,21.02
MOIL-03,6,Nagpur,2,0,2025-04-01,18525.0,15487.0,90.4,22.2,26.9,0,24,4,2,17633.0,91.4,24.1,16786.0,91.06666666666668,0.92,21.7
MOIL-03,6,Nagpur,2,0,2025-05-01,19967.0,18923.0,83.5,51.4,26.3,1,26,5,2,15487.0,90.4,22.2,15481.0,90.89999999999999,1.98,21.71
MOIL-03,6,Nagpur,2,0,2025-06-01,16780.0,13557.0,83.0,44.1,149.3,2,22,6,2,18923.0,83.5,51.4,17347.666666666668,88.43333333333334,2.0,18.26
MOIL-03,6,Nagpur,2,0,2025-07-01,15674.0,12823.0,83.9,39.1,327.6,1,25,7,3,13557.0,83.0,44.1,15989.0,85.63333333333333,1.56,20.98
MOIL-03,6,Nagpur,2,0,2025-08-01,14732.0,11235.0,82.0,52.0,295.9,0,25,8,3,12823.0,83.9,39.1,15101.0,83.46666666666668,2.08,20.5
MOIL-03,6,Nagpur,2,0,2025-09-01,16847.0,14350.0,89.2,29.1,143.0,0,25,9,3,11235.0,82.0,52.0,12538.333333333334,82.96666666666668,1.16,22.3
MOIL-03,6,Nagpur,2,0,2025-10-01,18424.0,18304.0,89.9,38.8,49.8,0,26,10,4,14350.0,89.2,29.1,12802.666666666666,85.03333333333335,1.49,23.37
MOIL-03,6,Nagpur,2,0,2025-11-01,19701.0,14644.0,91.2,21.4,32.5,2,22,11,4,18304.0,89.9,38.8,14629.666666666666,87.03333333333335,0.97,20.06
MOIL-03,6,Nagpur,2,0,2025-12-01,18777.0,17888.0,92.4,23.4,8.3,0,25,12,4,14644.0,91.2,21.4,15766.0,90.10000000000001,0.94,23.1
MOIL-04,9,Nagpur,2,0,2022-01-01,12016.0,10240.0,90.9,33.0,5.6,1,24,1,1,9982.485714285714,88.90857142857143,34.23714285714286,9957.657142857142,88.88952380952381,1.38,21.82
MOIL-04,9,Nagpur,2,0,2022-02-01,12929.0,9046.0,89.7,37.7,12.8,3,23,2,1,10240.0,90.9,33.0,10240.0,90.9,1.64,20.63
MOIL-04,9,Nagpur,2,0,2022-03-01,11791.0,9819.0,94.9,13.4,17.1,4,26,3,1,9046.0,89.7,37.7,9643.0,90.30000000000001,0.52,24.67
MOIL-04,9,Nagpur,2,0,2022-04-01,11440.0,9698.0,90.7,34.0,19.0,0,24,4,2,9819.0,94.9,13.4,9701.666666666666,91.83333333333333,1.42,21.77
MOIL-04,9,Nagpur,2,0,2022-05-01,11643.0,10252.0,95.8,12.7,41.1,2,24,5,2,9698.0,90.7,34.0,9521.0,91.76666666666667,0.53,22.99
MOIL-04,9,Nagpur,2,0,2022-06-01,10779.0,8816.0,88.5,42.9,139.3,2,24,6,2,10252.0,95.8,12.7,9923.0,93.80000000000001,1.79,21.24
MOIL-04,9,Nagpur,2,0,2022-07-01,9855.0,8404.0,84.4,40.6,442.4,0,25,7,3,8816.0,88.5,42.9,9588.666666666666,91.66666666666667,1.62,21.1
MOIL-04,9,Nagpur,2,0,2022-08-01,9855.0,8599.0,86.8,39.7,202.2,2,26,8,3,8404.0,84.4,40.6,9157.333333333334,89.56666666666666,1.53,22.57
MOIL-04,9,Nagpur,2,0,2022-09-01,10891.0,7515.0,86.0,50.1,201.9,3,23,9,3,8599.0,86.8,39.7,8606.333333333334,86.56666666666666,2.18,19.78
MOIL-04,9,Nagpur,2,0,2022-10-01,11128.0,10355.0,89.5,28.1,74.7,0,25,10,4,7515.0,86.0,50.1,8172.666666666667,85.73333333333333,1.12,22.38
MOIL-04,9,Nagpur,2,0,2022-11-01,12500.0,10657.0,90.6,33.5,23.6,0,23,11,4,10355.0,89.5,28.1,8823.0,87.43333333333334,1.46,20.84
MOIL-04,9,Nagpur,2,0,2022-12-01,11933.0,10255.0,88.2,30.0,10.2,5,26,12,4,10657.0,90.6,33.5,9509.0,88.7,1.15,22.93
MOIL-04,9,Nagpur,2,0,2023-01-01,12434.0,11117.0,84.1,40.8,8.1,0,25,1,1,10255.0,88.2,30.0,10422.333333333334,89.43333333333334,1.63,21.02
MOIL-04,9,Nagpur,2,0,2023-02-01,12092.0,10649.0,88.3,27.9,16.5,0,23,2,1,11117.0,84.1,40.8,10676.333333333334,87.63333333333333,1.21,20.31
MOIL-04,9,Nagpur,2,0,2023-03-01,12420.0,12747.0,90.0,33.8,15.6,0,25,3,1,10649.0,88.3,27.9,10673.666666666666,86.86666666666667,1.35,22.5
MOIL-04,9,Nagpur,2,0,2023-04-01,12126.0,11099.0,93.6,22.0,18.9,0,24,4,2,12747.0,90.0,33.8,11504.333333333334,87.46666666666665,0.92,22.46
MOIL-04,9,Nagpur,2,0,2023-05-01,12234.0,11220.0,91.2,24.2,30.2,1,25,5,2,11099.0,93.6,22.0,11498.333333333334,90.63333333333333,0.97,22.8
MOIL-04,9,Nagpur,2,0,2023-06-01,10757.0,7610.0,82.9,47.9,272.7,0,24,6,2,11220.0,91.2,24.2,11688.666666666666,91.60000000000001,2.0,19.9
MOIL-04,9,Nagpur,2,0,2023-07-01,9216.0,6460.0,81.6,61.9,383.0,3,23,7,3,7610.0,82.9,47.9,9976.333333333334,89.23333333333333,2.69,18.77
MOIL-04,9,Nagpur,2,0,2023-08-01,10354.0,8766.0,86.4,34.1,220.6,0,25,8,3,6460.0,81.6,61.9,8430.0,85.23333333333333,1.36,21.6
MOIL-04,9,Nagpur,2,0,2023-09-01,10286.0,8657.0,83.7,41.0,179.1,1,25,9,3,8766.0,86.4,34.1,7612.0,83.63333333333334,1.64,20.92
MOIL-04,9,Nagpur,2,0,2023-10-01,11887.0,11305.0,93.6,18.1,83.8,1,25,10,4,8657.0,83.7,41.0,7961.0,83.89999999999999,0.72,23.4
MOIL-04,9,Nagpur,2,0,2023-11-01,12030.0,10931.0,89.2,37.7,23.0,0,24,11,4,11305.0,93.6,18.1,9576.0,87.90000000000002,1.57,21.41
MOIL-04,9,Nagpur,2,0,2023-12-01,12888.0,11034.0,94.4,18.5,12.3,0,23,12,4,10931.0,89.2,37.7,10297.666666666666,88.83333333333333,0.8,21.71
MOIL-04,9,Nagpur,2,0,2024-01-01,12306.0,12077.0,84.1,55.9,5.9,0,26,1,1,11034.0,94.4,18.5,11090.0,92.39999999999999,2.15,21.87
MOIL-04,9,Nagpur,2,0,2024-02-01,12576.0,11787.0,90.9,32.8,14.4,0,24,2,1,12077.0,84.1,55.9,11347.333333333334,89.23333333333333,1.37,21.82
MOIL-04,9,Nagpur,2,0,2024-03-01,12624.0,10452.0,92.2,25.8,16.8,2,24,3,1,11787.0,90.9,32.8,11632.666666666666,89.80000000000001,1.08,22.13
MOIL-04,9,Nagpur,2,0,2024-04-01,13093.0,11881.0,90.9,29.2,12.5,0,24,4,2,10452.0,92.2,25.8,11438.666666666666,89.06666666666666,1.22,21.82
MOIL-04,9,Nagpur,2,0,2024-05-01,12405.0,11513.0,92.7,19.4,37.9,0,25,5,2,11881.0,90.9,29.2,11373.333333333334,91.33333333333333,0.78,23.18
MOIL-04,9,Nagpur,2,0,2024-06-01,10583.0,7813.0,82.4,59.2,117.0,0,23,6,2,11513.0,92.7,19.4,11282.0,91.93333333333334,2.57,18.95
MOIL-04,9,Nagpur,2,0,2024-07-01,10065.0,8750.0,84.0,47.9,330.6,0,24,7,3,7813.0,82.4,59.2,10402.333333333334,88.66666666666667,2.0,20.16
MOIL-04,9,Nagpur,2,0,2024-08-01,9778.0,9344.0,87.4,33.4,211.2,0,26,8,3,8750.0,84.0,47.9,9358.666666666666,86.36666666666667,1.28,22.72
MOIL-04,9,Nagpur,2,0,2024-09-01,11263.0,8781.0,90.0,32.0,263.3,0,23,9,3,9344.0,87.4,33.4,8635.666666666666,84.60000000000001,1.39,20.7
MOIL-04,9,Nagpur,2,0,2024-10-01,12388.0,10746.0,90.3,30.1,54.4,1,25,10,4,8781.0,90.0,32.0,8958.333333333334,87.13333333333333,1.2,22.58
MOIL-04,9,Nagpur,2,0,2024-11-01,13150.0,10992.0,91.9,29.0,34.5,0,23,11,4,10746.0,90.3,30.1,9623.666666666666,89.23333333333333,1.26,21.14
MOIL-04,9,Nagpur,2,0,2024-12-01,11783.0,9847.0,93.6,20.5,7.6,2,24,12,4,10992.0,91.9,29.0,10173.0,90.73333333333335,0.85,22.46
MOIL-04,9,Nagpur,2,0,2025-01-01,12299.0,10365.0,89.4,28.6,10.1,0,25,1,1,9847.0,93.6,20.5,10528.333333333334,91.93333333333334,1.14,22.35
MOIL-04,9,Nagpur,2,0,2025-02-01,12555.0,10331.0,95.0,16.7,10.9,2,23,2,1,10365.0,89.4,28.6,10401.333333333334,91.63333333333333,0.73,21.85
MOIL-04,9,Nagpur,2,0,2025-03-01,12417.0,11793.0,89.4,29.6,14.6,0,25,3,1,10331.0,95.0,16.7,10181.0,92.66666666666667,1.18,22.35
MOIL-04,9,Nagpur,2,0,2025-04-01,12715.0,11951.0,88.4,29.0,18.6,0,25,4,2,11793.0,89.4,29.6,10829.666666666666,91.26666666666667,1.16,22.1
MOIL-04,9,Nagpur,2,0,2025-05-01,12973.0,12579.0,89.2,38.9,41.4,0,26,5,2,11951.0,88.4,29.0,11358.333333333334,90.93333333333334,1.5,23.19
MOIL-04,9,Nagpur,2,0,2025-06-01,10742.0,9039.0,84.5,38.7,156.2,0,23,6,2,12579.0,89.2,38.9,12107.666666666666,89.0,1.68,19.43
MOIL-04,9,Nagpur,2,0,2025-07-01,10542.0,10399.0,84.9,44.0,223.4,0,26,7,3,9039.0,84.5,38.7,11189.666666666666,87.36666666666667,1.69,22.07
MOIL-04,9,Nagpur,2,0,2025-08-01,10207.0,8675.0,81.0,59.5,305.1,0,25,8,3,10399.0,84.9,44.0,10672.333333333334,86.2,2.38,20.25
MOIL-04,9,Nagpur,2,0,2025-09-01,10961.0,8611.0,83.6,50.7,274.1,0,24,9,3,8675.0,81.0,59.5,9371.0,83.46666666666668,2.11,20.06
MOIL-04,9,Nagpur,2,0,2025-10-01,11807.0,9108.0,93.5,21.8,52.0,4,26,10,4,8611.0,83.6,50.7,9228.333333333334,83.16666666666667,0.84,24.31
MOIL-04,9,Nagpur,2,0,2025-11-01,12828.0,10801.0,87.8,35.0,24.6,0,22,11,4,9108.0,93.5,21.8,8798.0,86.03333333333332,1.59,19.32
MOIL-04,9,Nagpur,2,0,2025-12-01,12202.0,12404.0,90.3,26.6,8.6,0,24,12,4,10801.0,87.8,35.0,9506.666666666666,88.3,1.11,21.67
MOIL-05,2,Bhandara,2,1,2022-01-01,14710.0,13637.0,86.4,34.6,9.5,0,24,1,1,12267.228571428572,84.54857142857144,48.494285714285716,12295.557142857142,84.53809523809524,1.44,20.74
MOIL-05,2,Bhandara,2,1,2022-02-01,14818.0,11216.0,86.0,31.7,13.5,0,21,2,1,13637.0,86.4,34.6,13637.0,86.4,1.51,18.06
MOIL-05,2,Bhandara,2,1,2022-03-01,14964.0,13960.0,87.6,43.9,12.2,0,24,3,1,11216.0,86.0,31.7,12426.5,86.2,1.83,21.02
MOIL-05,2,Bhandara,2,1,2022-04-01,15444.0,14358.0,86.4,36.2,27.2,2,25,4,2,13960.0,87.6,43.9,12937.666666666666,86.66666666666667,1.45,21.6
MOIL-05,2,Bhandara,2,1,2022-05-01,15814.0,15341.0,85.9,53.2,36.7,0,25,5,2,14358.0,86.4,36.2,13178.0,86.66666666666667,2.13,21.48
MOIL-05,2,Bhandara,2,1,2022-06-01,13190.0,10115.0,86.1,40.8,174.7,3,25,6,2,15341.0,85.9,53.2,14553.0,86.63333333333333,1.63,21.52
MOIL-05,2,Bhandara,2,1,2022-07-01,12182.0,9257.0,79.9,57.2,393.1,0,24,7,3,10115.0,86.1,40.8,13271.333333333334,86.13333333333333,2.38,19.18
MOIL-05,2,Bhandara,2,1,2022-08-01,12236.0,9881.0,79.4,80.1,208.6,2,26,8,3,9257.0,79.9,57.2,11571.0,83.96666666666667,3.08,20.64
MOIL-05,2,Bhandara,2,1,2022-09-01,12655.0,9305.0,75.7,81.1,238.9,0,23,9,3,9881.0,79.4,80.1,9751.0,81.8,3.53,17.41
MOIL-05,2,Bhandara,2,1,2022-10-01,13225.0,11740.0,81.9,68.5,95.9,0,25,10,4,9305.0,75.7,81.1,9481.0,78.33333333333333,2.74,20.48
MOIL-05,2,Bhandara,2,1,2022-11-01,14804.0,13861.0,86.7,49.4,21.7,0,24,11,4,11740.0,81.9,68.5,10308.666666666666,79.0,2.06,20.81
MOIL-05,2,Bhandara,2,1,2022-12-01,14763.0,14292.0,89.7,30.5,11.5,0,26,12,4,13861.0,86.7,49.4,11635.333333333334,81.43333333333334,1.17,23.32
MOIL-05,2,Bhandara,2,1,2023-01-01,14577.0,14287.0,86.0,44.1,7.6,0,25,1,1,14292.0,89.7,30.5,13297.666666666666,86.10000000000001,1.76,21.5
MOIL-05,2,Bhandara,2,1,2023-02-01,15008.0,11356.0,89.2,22.3,17.1,0,21,2,1,14287.0,86.0,44.1,14146.666666666666,87.46666666666665,1.06,18.73
MOIL-05,2,Bhandara,2,1,2023-03-01,15594.0,16633.0,87.7,49.3,11.5,0,26,3,1,11356.0,89.2,22.3,13311.666666666666,88.3,1.9,22.8
MOIL-05,2,Bhandara,2,1,2023-04-01,15404.0,14413.0,89.7,29.5,10.8,0,23,4,2,16633.0,87.7,49.3,14092.0,87.63333333333334,1.28,20.63
MOIL-05,2,Bhandara,2,1,2023-05-01,15491.0,14745.0,82.2,55.8,35.7,0,26,5,2,14413.0,89.7,29.5,14134.0,88.86666666666667,2.15,21.37
MOIL-05,2,Bhandara,2,1,2023-06-01,12870.0,8918.0,81.4,56.4,256.3,1,24,6,2,14745.0,82.2,55.8,15263.666666666666,86.53333333333335,2.35,19.54
MOIL-05,2,Bhandara,2,1,2023-07-01,12728.0,9892.0,83.7,39.3,174.7,1,25,7,3,8918.0,81.4,56.4,12692.0,84.43333333333334,1.57,20.92
MOIL-05,2,Bhandara,2,1,2023-08-01,11902.0,8772.0,82.7,42.9,267.5,2,24,8,3,9892.0,83.7,39.3,11185.0,82.43333333333334,1.79,19.85
MOIL-05,2,Bhandara,2,1,2023-09-01,12752.0,10910.0,77.4,87.1,156.4,0,25,9,3,8772.0,82.7,42.9,9194.0,82.60000000000001,3.48,19.35
MOIL-05,2,Bhandara,2,1,2023-10-01,14134.0,11843.0,86.2,41.5,55.0,0,24,10,4,10910.0,77.4,87.1,9858.0,81.26666666666667,1.73,20.69
MOIL-05,2,Bhandara,2,1,2023-11-01,15256.0,13689.0,86.5,45.2,28.2,0,24,11,4,11843.0,86.2,41.5,10508.333333333334,82.10000000000001,1.88,20.76
MOIL-05,2,Bhandara,2,1,2023-12-01,15463.0,11258.0,85.2,52.3,11.9,2,23,12,4,13689.0,86.5,45.2,12147.333333333334,83.36666666666667,2.27,19.6
MOIL-05,2,Bhandara,2,1,2024-01-01,15985.0,16112.0,87.3,43.5,6.9,0,26,1,1,11258.0,85.2,52.3,12263.333333333334,85.96666666666665,1.67,22.7
MOIL-05,2,Bhandara,2,1,2024-02-01,15107.0,13279.0,84.2,53.2,17.3,0,23,2,1,16112.0,87.3,43.5,13686.333333333334,86.33333333333333,2.31,19.37
MOIL-05,2,Bhandara,2,1,2024-03-01,16314.0,15323.0,89.4,35.3,14.5,0,25,3,1,13279.0,84.2,53.2,13549.666666666666,85.56666666666666,1.41,22.35
MOIL-05,2,Bhandara,2,1,2024-04-01,15406.0,13719.0,84.1,38.8,17.9,0,25,4,2,15323.0,89.4,35.3,14904.666666666666,86.96666666666668,1.55,21.02
MOIL-05,2,Bhandara,2,1,2024-05-01,16451.0,14781.0,84.6,51.9,20.3,0,25,5,2,13719.0,84.1,38.8,14107.0,85.89999999999999,2.08,21.15
MOIL-05,2,Bhandara,2,1,2024-06-01,13679.0,10693.0,77.9,49.8,179.3,0,23,6,2,14781.0,84.6,51.9,14607.666666666666,86.03333333333335,2.17,17.92
MOIL-05,2,Bhandara,2,1,2024-07-01,11787.0,8148.0,81.7,65.4,273.5,0,24,7,3,10693.0,77.9,49.8,13064.333333333334,82.19999999999999,2.72,19.61
MOIL-05,2,Bhandara,2,1,2024-08-01,12705.0,9079.0,83.2,52.2,269.3,1,25,8,3,8148.0,81.7,65.4,11207.333333333334,81.4,2.09,20.8
MOIL-05,2,Bhandara,2,1,2024-09-01,12589.0,10387.0,85.5,41.5,96.0,0,23,9,3,9079.0,83.2,52.2,9306.666666666666,80.93333333333334,1.8,19.66
MOIL-05,2,Bhandara,2,1,2024-10-01,15044.0,11580.0,83.3,50.6,79.6,2,25,10,4,10387.0,85.5,41.5,9204.666666666666,83.46666666666665,2.02,20.82
MOIL-05,2,Bhandara,2,1,2024-11-01,15721.0,12573.0,88.4,42.2,26.6,3,24,11,4,11580.0,83.3,50.6,10348.666666666666,84.0,1.76,21.22
MOIL-05,2,Bhandara,2,1,2024-12-01,15577.0,12593.0,90.4,29.5,7.1,0,23,12,4,12573.0,88.4,42.2,11513.333333333334,85.73333333333335,1.28,20.79
MOIL-05,2,Bhandara,2,1,2025-01-01,15875.0,15011.0,79.7,70.2,8.5,0,26,1,1,12593.0,90.4,29.5,12248.666666666666,87.36666666666667,2.7,20.72
MOIL-05,2,Bhandara,2,1,2025-02-01,15832.0,11750.0,86.4,43.0,16.5,0,21,2,1,15011.0,79.7,70.2,13392.333333333334,86.16666666666667,2.05,18.14
MOIL-05,2,Bhandara,2,1,2025-03-01,16415.0,14206.0,86.3,46.1,22.3,1,24,3,1,11750.0,86.4,43.0,13118.0,85.5,1.92,20.71
MOIL-05,2,Bhandara,2,1,2025-04-01,16222.0,15920.0,88.5,30.2,22.6,0,25,4,2,14206.0,86.3,46.1,13655.666666666666,84.13333333333334,1.21,22.12
MOIL-05,2,Bhandara,2,1,2025-05-01,15596.0,14110.0,90.2,32.4,38.1,2,26,5,2,15920.0,88.5,30.2,13958.666666666666,87.06666666666666,1.25,23.45
MOIL-05,2,Bhandara,2,1,2025-06-01,14266.0,10859.0,83.7,41.3,173.9,2,22,6,2,14110.0,90.2,32.4,14745.333333333334,88.33333333333333,1.88,18.41
MOIL-05,2,Bhandara,2,1,2025-07-01,12650.0,10642.0,80.7,57.2,268.7,0,26,7,3,10859.0,83.7,41.3,13629.666666666666,87.46666666666665,2.2,20.98
MOIL-05,2,Bhandara,2,1,2025-08-01,12845.0,9486.0,81.0,56.5,129.7,0,25,8,3,10642.0,80.7,57.2,11870.333333333334,84.86666666666667,2.26,20.25
MOIL-05,2,Bhandara,2,1,2025-09-01,14098.0,12481.0,83.4,56.5,159.2,0,24,9,3,9486.0,81.0,56.5,10329.0,81.80000000000001,2.35,20.02
MOIL-05,2,Bhandara,2,1,2025-10-01,15092.0,13387.0,81.5,50.3,56.7,0,26,10,4,12481.0,83.4,56.5,10869.666666666666,81.7,1.93,21.19
MOIL-05,2,Bhandara,2,1,2025-11-01,15514.0,13500.0,87.5,27.7,23.0,0,23,11,4,13387.0,81.5,50.3,11784.666666666666,81.96666666666668,1.2,20.12
MOIL-05,2,Bhandara,2,1,2025-12-01,15601.0,14596.0,90.1,37.9,8.0,0,25,12,4,13500.0,87.5,27.7,13122.666666666666,84.13333333333334,1.52,22.52
MOIL-06,1,Nagpur,2,1,2022-01-01,10157.0,9125.0,85.3,44.4,8.5,0,25,1,1,8249.0,84.97142857142858,44.98571428571429,8260.676190476192,84.83666666666666,1.78,21.32
MOIL-06,1,Nagpur,2,1,2022-02-01,9915.0,8065.0,87.6,39.1,12.6,2,23,2,1,9125.0,85.3,44.4,9125.0,85.3,1.7,20.15
MOIL-06,1,Nagpur,2,1,2022-03-01,10371.0,8896.0,86.4,42.3,9.6,3,26,3,1,8065.0,87.6,39.1,8595.0,86.44999999999999,1.63,22.46
MOIL-06,1,Nagpur,2,1,2022-04-01,10110.0,9010.0,86.2,48.1,14.3,0,25,4,2,8896.0,86.4,42.3,8695.333333333334,86.43333333333334,1.92,21.55
MOIL-06,1,Nagpur,2,1,2022-05-01,10058.0,8808.0,90.4,27.9,27.4,0,24,5,2,9010.0,86.2,48.1,8657.0,86.73333333333333,1.16,21.7
MOIL-06,1,Nagpur,2,1,2022-06-01,8646.0,7224.0,83.6,39.7,172.7,0,25,6,2,8808.0,90.4,27.9,8904.666666666666,87.66666666666667,1.59,20.9
MOIL-06,1,Nagpur,2,1,2022-07-01,8605.0,6491.0,76.7,70.3,334.5,0,24,7,3,7224.0,83.6,39.7,8347.333333333334,86.73333333333333,2.93,18.41
MOIL-06,1,Nagpur,2,1,2022-08-01,8178.0,6415.0,81.1,49.0,306.7,1,25,8,3,6491.0,76.7,70.3,7507.666666666667,83.56666666666666,1.96,20.27
MOIL-06,1,Nagpur,2,1,2022-09-01,8852.0,6983.0,78.1,75.2,131.1,0,25,9,3,6415.0,81.1,49.0,6710.0,80.46666666666665,3.01,19.52
MOIL-06,1,Nagpur,2,1,2022-10-01,9007.0,8422.0,86.7,47.8,49.8,0,25,10,4,6983.0,78.1,75.2,6629.666666666667,78.63333333333333,1.91,21.68
MOIL-06,1,Nagpur,2,1,2022-11-01,10118.0,9541.0,85.0,40.7,23.7,2,25,11,4,8422.0,86.7,47.8,7273.333333333333,81.96666666666667,1.63,21.25
MOIL-06,1,Nagpur,2,1,2022-12-01,10255.0,9307.0,83.5,50.7,12.9,0,26,12,4,9541.0,85.0,40.7,8315.333333333334,83.26666666666667,1.95,21.71
MOIL-06,1,Nagpur,2,1,2023-01-01,9873.0,8798.0,87.5,30.2,7.4,0,25,1,1,9307.0,83.5,50.7,9090.0,85.06666666666666,1.21,21.88
MOIL-06,1,Nagpur,2,1,2023-02-01,10267.0,8809.0,85.4,36.5,12.6,0,22,2,1,8798.0,87.5,30.2,9215.333333333334,85.33333333333333,1.66,18.79
MOIL-06,1,Nagpur,2,1,2023-03-01,10334.0,9821.0,86.2,53.8,9.7,0,26,3,1,8809.0,85.4,36.5,8971.333333333334,85.46666666666665,2.07,22.41
MOIL-06,1,Nagpur,2,1,2023-04-01,10247.0,9236.0,84.9,49.2,22.3,0,24,4,2,9821.0,86.2,53.8,9142.666666666666,86.36666666666667,2.05,20.38
MOIL-06,1,Nagpur,2,1,2023-05-01,9912.0,9357.0,87.1,34.3,38.7,0,25,5,2,9236.0,84.9,49.2,9288.666666666666,85.5,1.37,21.78
MOIL-06,1,Nagpur,2,1,2023-06-01,8976.0,6465.0,79.2,48.2,201.3,0,24,6,2,9357.0,87.1,34.3,9471.333333333334,86.06666666666666,2.01,19.01
MOIL-06,1,Nagpur,2,1,2023-07-01,7921.0,6640.0,84.0,39.1,312.9,0,25,7,3,6465.0,79.2,48.2,8352.666666666666,83.73333333333333,1.56,21.0
MOIL-06,1,Nagpur,2,1,2023-08-01,8556.0,6188.0,81.8,52.9,248.2,0,24,8,3,6640.0,84.0,39.1,7487.333333333333,83.43333333333334,2.2,19.63
MOIL-06,1,Nagpur,2,1,2023-09-01,8980.0,5833.0,76.0,66.8,209.3,4,25,9,3,6188.0,81.8,52.9,6431.0,81.66666666666667,2.67,19.0
MOIL-06,1,Nagpur,2,1,2023-10-01,9865.0,9541.0,87.3,39.4,61.9,0,25,10,4,5833.0,76.0,66.8,6220.333333333333,80.60000000000001,1.58,21.82
MOIL-06,1,Nagpur,2,1,2023-11-01,10162.0,9345.0,86.1,49.0,29.9,0,23,11,4,9541.0,87.3,39.4,7187.333333333333,81.7,2.13,19.8
MOIL-06,1,Nagpur,2,1,2023-12-01,10074.0,9220.0,89.7,28.1,6.7,1,25,12,4,9345.0,86.1,49.0,8239.666666666666,83.13333333333334,1.12,22.42
MOIL-06,1,Nagpur,2,1,2024-01-01,10114.0,9598.0,88.2,43.1,8.9,0,26,1,1,9220.0,89.7,28.1,9368.666666666666,87.69999999999999,1.66,22.93
MOIL-06,1,Nagpur,2,1,2024-02-01,9632.0,8125.0,89.1,26.0,13.0,0,24,2,1,9598.0,88.2,43.1,9387.666666666666,88.0,1.08,21.38
MOIL-06,1,Nagpur,2,1,2024-03-01,10081.0,8338.0,83.6,59.2,17.5,0,24,3,1,8125.0,89.1,26.0,8981.0,89.0,2.47,20.06
MOIL-06,1,Nagpur,2,1,2024-04-01,9884.0,8309.0,91.4,29.7,22.3,2,25,4,2,8338.0,83.6,59.2,8687.0,86.96666666666665,1.19,22.85
MOIL-06,1,Nagpur,2,1,2024-05-01,10716.0,9917.0,87.3,37.3,40.0,0,26,5,2,8309.0,91.4,29.7,8257.333333333334,88.03333333333335,1.43,22.7
MOIL-06,1,Nagpur,2,1,2024-06-01,9451.0,8132.0,85.4,42.2,137.0,0,23,6,2,9917.0,87.3,37.3,8854.666666666666,87.43333333333334,1.83,19.64
MOIL-06,1,Nagpur,2,1,2024-07-01,8452.0,7268.0,80.4,59.9,338.7,0,26,7,3,8132.0,85.4,42.2,8786.0,88.03333333333335,2.3,20.9
MOIL-06,1,Nagpur,2,1,2024-08-01,8160.0,6915.0,83.5,61.3,265.7,0,26,8,3,7268.0,80.4,59.9,8439.0,84.36666666666667,2.36,21.71
MOIL-06,1,Nagpur,2,1,2024-09-01,9362.0,6985.0,80.9,43.6,232.3,0,23,9,3,6915.0,83.5,61.3,7438.333333333333,83.10000000000001,1.9,18.61
MOIL-06,1,Nagpur,2,1,2024-10-01,9621.0,9557.0,85.6,42.9,87.5,0,26,10,4,6985.0,80.9,43.6,7056.0,81.60000000000001,1.65,22.26
MOIL-06,1,Nagpur,2,1,2024-11-01,10421.0,8031.0,92.8,26.6,31.9,3,24,11,4,9557.0,85.6,42.9,7819.0,83.33333333333333,1.11,22.27
MOIL-06,1,Nagpur,2,1,2024-12-01,10139.0,7556.0,90.7,27.2,6.6,3,24,12,4,8031.0,92.8,26.6,8191.0,86.43333333333332,1.13,21.77
MOIL-06,1,Nagpur,2,1,2025-01-01,10935.0,11570.0,86.5,54.9,7.1,0,26,1,1,7556.0,90.7,27.2,8381.333333333334,89.7,2.11,22.49
MOIL-06,1,Nagpur,2,1,2025-02-01,10313.0,8612.0,84.1,45.2,10.5,0,23,2,1,11570.0,86.5,54.9,9052.333333333334,90.0,1.97,19.34
MOIL-06,1,Nagpur,2,1,2025-03-01,10151.0,8448.0,85.2,43.7,20.7,0,24,3,1,8612.0,84.1,45.2,9246.0,87.10000000000001,1.82,20.45
MOIL-06,1,Nagpur,2,1,2025-04-01,10621.0,9617.0,87.6,41.7,19.4,1,25,4,2,8448.0,85.2,43.7,9543.333333333334,85.26666666666667,1.67,21.9
MOIL-06,1,Nagpur,2,1,2025-05-01,10843.0,7530.0,91.0,25.5,49.6,5,25,5,2,9617.0,87.6,41.7,8892.333333333334,85.63333333333333,1.02,22.75
MOIL-06,1,Nagpur,2,1,2025-06-01,9411.0,7170.0,80.4,62.8,221.7,0,24,6,2,7530.0,91.0,25.5,8531.666666666666,87.93333333333332,2.62,19.3
MOIL-06,1,Nagpur,2,1,2025-07-01,8649.0,7110.0,80.8,60.7,172.8,0,26,7,3,7170.0,80.4,62.8,8105.666666666667,86.33333333333333,2.33,21.01
MOIL-06,1,Nagpur,2,1,2025-08-01,8348.0,6000.0,74.6,75.5,250.8,0,24,8,3,7110.0,80.8,60.7,7270.0,84.06666666666666,3.15,17.9
MOIL-06,1,Nagpur,2,1,2025-09-01,9093.0,7709.0,85.6,37.6,128.6,0,24,9,3,6000.0,74.6,75.5,6760.0,78.60000000000001,1.57,20.54
MOIL-06,1,Nagpur,2,1,2025-10-01,10142.0,9439.0,85.3,57.7,60.1,0,25,10,4,7709.0,85.6,37.6,6939.666666666667,80.33333333333333,2.31,21.32
MOIL-06,1,Nagpur,2,1,2025-11-01,10371.0,8916.0,87.6,40.9,16.2,0,23,11,4,9439.0,85.3,57.7,7716.0,81.83333333333333,1.78,20.15
MOIL-06,1,Nagpur,2,1,2025-12-01,10186.0,9640.0,84.6,59.0,11.9,0,25,12,4,8916.0,87.6,40.9,8688.0,86.16666666666667,2.36,21.15
MOIL-07,0,Balaghat,1,1,2022-01-01,27538.0,25942.0,83.9,50.0,11.1,0,25,1,1,22963.17142857143,85.78571428571429,45.965714285714284,23031.72857142857,85.6904761904762,2.0,20.98
MOIL-07,0,Balaghat,1,1,2022-02-01,29213.0,24517.0,85.5,46.0,13.8,0,23,2,1,25942.0,83.9,50.0,25942.0,83.9,2.0,19.66
MOIL-07,0,Balaghat,1,1,2022-03-01,27722.0,23924.0,83.9,57.2,19.6,0,24,3,1,24517.0,85.5,46.0,25229.5,84.7,2.38,20.14
MOIL-07,0,Balaghat,1,1,2022-04-01,26889.0,24019.0,82.9,61.2,13.5,0,24,4,2,23924.0,83.9,57.2,24794.333333333332,84.43333333333334,2.55,19.9
MOIL-07,0,Balaghat,1,1,2022-05-01,27807.0,22716.0,82.9,64.1,28.7,0,24,5,2,24019.0,82.9,61.2,24153.333333333332,84.10000000000001,2.67,19.9
MOIL-07,0,Balaghat,1,1,2022-06-01,24778.0,17377.0,81.1,62.6,207.7,0,23,6,2,22716.0,82.9,64.1,23553.0,83.23333333333333,2.72,18.65
MOIL-07,0,Balaghat,1,1,2022-07-01,22494.0,17224.0,80.7,51.4,366.7,3,25,7,3,17377.0,81.1,62.6,21370.666666666668,82.3,2.06,20.18
MOIL-07,0,Balaghat,1,1,2022-08-01,22764.0,16951.0,90.2,28.5,204.9,2,26,8,3,17224.0,80.7,51.4,19105.666666666668,81.56666666666666,1.1,23.45
MOIL-07,0,Balaghat,1,1,2022-09-01,23911.0,20500.0,88.1,38.9,274.3,0,25,9,3,16951.0,90.2,28.5,17184.0,84.0,1.56,22.02
MOIL-07,0,Balaghat,1,1,2022-10-01,26672.0,22249.0,84.0,51.7,70.2,1,24,10,4,20500.0,88.1,38.9,18225.0,86.33333333333333,2.15,20.16
MOIL-07,0,Balaghat,1,1,2022-11-01,27962.0,25947.0,86.3,44.0,34.9,0,25,11,4,22249.0,84.0,51.7,19900.0,87.43333333333334,1.76,21.58
MOIL-07,0,Balaghat,1,1,2022-12-01,28111.0,24607.0,90.7,35.9,14.4,0,26,12,4,25947.0,86.3,44.0,22898.666666666668,86.13333333333333,1.38,23.58
MOIL-07,0,Balaghat,1,1,2023-01-01,28405.0,23531.0,86.4,47.7,6.2,0,23,1,1,24607.0,90.7,35.9,24267.666666666668,87.0,2.07,19.87
MOIL-07,0,Balaghat,1,1,2023-02-01,29350.0,24981.0,86.2,41.5,14.0,0,23,2,1,23531.0,86.4,47.7,24695.0,87.8,1.8,19.83
MOIL-07,0,Balaghat,1,1,2023-03-01,27655.0,25590.0,85.5,60.3,22.4,0,26,3,1,24981.0,86.2,41.5,24373.0,87.76666666666667,2.32,22.23
MOIL-07,0,Balaghat,1,1,2023-04-01,28322.0,26240.0,92.3,25.5,21.9,0,24,4,2,25590.0,85.5,60.3,24700.666666666668,86.03333333333335,1.06,22.15
MOIL-07,0,Balaghat,1,1,2023-05-01,29733.0,28187.0,89.0,27.6,46.3,0,25,5,2,26240.0,92.3,25.5,25603.666666666668,88.0,1.1,22.25
MOIL-07,0,Balaghat,1,1,2023-06-01,25719.0,18353.0,84.9,40.3,280.0,4,25,6,2,28187.0,89.0,27.6,26672.333333333332,88.93333333333334,1.61,21.22
MOIL-07,0,Balaghat,1,1,2023-07-01,22018.0,15705.0,84.3,49.3,458.8,2,23,7,3,18353.0,84.9,40.3,24260.0,88.73333333333335,2.14,19.39
MOIL-07,0,Balaghat,1,1,2023-08-01,23606.0,18217.0,81.9,50.8,240.3,3,26,8,3,15705.0,84.3,49.3,20748.333333333332,86.06666666666666,1.95,21.29
MOIL-07,0,Balaghat,1,1,2023-09-01,24145.0,18977.0,85.2,55.4,182.6,0,24,9,3,18217.0,81.9,50.8,17425.0,83.7,2.31,20.45
MOIL-07,0,Balaghat,1,1,2023-10-01,26097.0,22210.0,89.5,37.3,87.9,0,24,10,4,18977.0,85.2,55.4,17633.0,83.8,1.55,21.48
MOIL-07,0,Balaghat,1,1,2023-11-01,28854.0,24284.0,91.3,21.3,21.9,0,25,11,4,22210.0,89.5,37.3,19801.333333333332,85.53333333333335,0.85,22.82
MOIL-07,0,Balaghat,1,1,2023-12-01,29175.0,25499.0,86.0,49.5,14.8,0,23,12,4,24284.0,91.3,21.3,21823.666666666668,88.66666666666667,2.15,19.78
MOIL-07,0,Balaghat,1,1,2024-01-01,29756.0,29475.0,87.4,52.4,7.6,0,26,1,1,25499.0,86.0,49.5,23997.666666666668,88.93333333333334,2.02,22.72
MOIL-07,0,Balaghat,1,1,2024-02-01,29007.0,26342.0,86.9,46.0,12.1,0,24,2,1,29475.0,87.4,52.4,26419.333333333332,88.23333333333333,1.92,20.86
MOIL-07,0,Balaghat,1,1,2024-03-01,30810.0,30922.0,88.9,41.5,23.0,0,25,3,1,26342.0,86.9,46.0,27105.333333333332,86.76666666666667,1.66,22.22
MOIL-07,0,Balaghat,1,1,2024-04-01,30433.0,25741.0,85.9,45.8,33.1,0,23,4,2,30922.0,88.9,41.5,28913.0,87.73333333333333,1.99,19.76
MOIL-07,0,Balaghat,1,1,2024-05-01,29645.0,28579.0,88.7,30.9,38.2,0,25,5,2,25741.0,85.9,45.8,27668.333333333332,87.23333333333335,1.24,22.18
MOIL-07,0,Balaghat,1,1,2024-06-01,25491.0,21569.0,82.3,43.4,173.2,0,23,6,2,28579.0,88.7,30.9,28414.0,87.83333333333333,1.89,18.93
MOIL-07,0,Balaghat,1,1,2024-07-01,24965.0,19334.0,79.5,55.1,262.2,0,25,7,3,21569.0,82.3,43.4,25296.333333333332,85.63333333333334,2.2,19.88
MOIL-07,0,Balaghat,1,1,2024-08-01,25868.0,18658.0,76.9,70.3,398.5,2,25,8,3,19334.0,79.5,55.1,23160.666666666668,83.5,2.81,19.23
MOIL-07,0,Balaghat,1,1,2024-09-01,24676.0,19564.0,87.2,37.8,123.5,2,24,9,3,18658.0,76.9,70.3,19853.666666666668,79.56666666666666,1.58,20.93
MOIL-07,0,Balaghat,1,1,2024-10-01,27133.0,21645.0,89.7,41.2,78.7,4,25,10,4,19564.0,87.2,37.8,19185.333333333332,81.2,1.65,22.42
MOIL-07,0,Balaghat,1,1,2024-11-01,28560.0,24135.0,86.4,46.4,25.0,0,23,11,4,21645.0,89.7,41.2,19955.666666666668,84.60000000000001,2.02,19.87
MOIL-07,0,Balaghat,1,1,2024-12-01,28731.0,24459.0,81.9,66.6,7.0,0,25,12,4,24135.0,86.4,46.4,21781.333333333332,87.76666666666667,2.66,20.48
MOIL-07,0,Balaghat,1,1,2025-01-01,29361.0,27248.0,83.1,42.3,7.4,0,25,1,1,24459.0,81.9,66.6,23413.0,86.0,1.69,20.78
MOIL-07,0,Balaghat,1,1,2025-02-01,29917.0,24300.0,91.1,21.4,10.9,0,23,2,1,27248.0,83.1,42.3,25280.666666666668,83.80000000000001,0.93,20.95
MOIL-07,0,Balaghat,1,1,2025-03-01,28684.0,24391.0,81.7,57.4,16.8,0,25,3,1,24300.0,91.1,21.4,25335.666666666668,85.36666666666666,2.3,20.42
MOIL-07,0,Balaghat,1,1,2025-04-01,30357.0,25392.0,85.8,44.5,27.7,0,24,4,2,24391.0,81.7,57.4,25313.0,85.3,1.85,20.59
MOIL-07,0,Balaghat,1,1,2025-05-01,29451.0,30698.0,92.1,30.7,39.7,0,26,5,2,25392.0,85.8,44.5,24694.333333333332,86.2,1.18,23.95
MOIL-07,0,Balaghat,1,1,2025-06-01,27484.0,22518.0,88.7,34.5,192.8,0,24,6,2,30698.0,92.1,30.7,26827.0,86.53333333333332,1.44,21.29
MOIL-07,0,Balaghat,1,1,2025-07-01,23283.0,18894.0,84.3,44.7,250.2,1,25,7,3,22518.0,88.7,34.5,26202.666666666668,88.86666666666667,1.79,21.08
MOIL-07,0,Balaghat,1,1,2025-08-01,24748.0,20088.0,80.5,49.5,332.3,0,25,8,3,18894.0,84.3,44.7,24036.666666666668,88.36666666666666,1.98,20.12
MOIL-07,0,Balaghat,1,1,2025-09-01,26367.0,21677.0,81.7,51.2,158.3,1,25,9,3,20088.0,80.5,49.5,20500.0,84.5,2.05,20.42
MOIL-07,0,Balaghat,1,1,2025-10-01,27976.0,25056.0,84.9,49.9,83.3,0,26,10,4,21677.0,81.7,51.2,20219.666666666668,82.16666666666667,1.92,22.07
MOIL-07,0,Balaghat,1,1,2025-11-01,31309.0,23930.0,80.6,47.2,12.7,0,23,11,4,25056.0,84.9,49.9,22273.666666666668,82.36666666666666,2.05,18.54
MOIL-07,0,Balaghat,1,1,2025-12-01,28748.0,27258.0,85.2,47.6,15.5,0,25,12,4,23930.0,80.6,47.2,23554.333333333332,82.4,1.9,21.3
MOIL-08,12,Balaghat,1,0,2022-01-01,19658.0,16772.0,95.2,12.2,4.4,2,24,1,1,17123.742857142857,88.4,36.76571428571428,17100.1,88.41904761904762,0.51,22.85
MOIL-08,12,Balaghat,1,0,2022-02-01,20754.0,16535.0,88.6,37.8,11.9,3,23,2,1,16772.0,95.2,12.2,16772.0,95.2,1.64,20.38
MOIL-08,12,Balaghat,1,0,2022-03-01,20920.0,20894.0,92.0,20.2,16.5,0,26,3,1,16535.0,88.6,37.8,16653.5,91.9,0.78,23.92
MOIL-08,12,Balaghat,1,0,2022-04-01,20118.0,17295.0,91.5,22.1,22.6,0,23,4,2,20894.0,92.0,20.2,18067.0,91.93333333333334,0.96,21.04
MOIL-08,12,Balaghat,1,0,2022-05-01,20526.0,17981.0,92.9,28.0,31.3,3,25,5,2,17295.0,91.5,22.1,18241.333333333332,90.7,1.12,23.22
MOIL-08,12,Balaghat,1,0,2022-06-01,16849.0,14159.0,82.3,66.1,140.8,0,25,6,2,17981.0,92.9,28.0,18723.333333333332,92.13333333333333,2.64,20.58
MOIL-08,12,Balaghat,1,0,2022-07-01,15888.0,12084.0,78.7,66.3,348.1,0,25,7,3,14159.0,82.3,66.1,16478.333333333332,88.89999999999999,2.65,19.68
MOIL-08,12,Balaghat,1,0,2022-08-01,16419.0,13355.0,84.2,39.3,360.0,1,25,8,3,12084.0,78.7,66.3,14741.333333333334,84.63333333333333,1.57,21.05
MOIL-08,12,Balaghat,1,0,2022-09-01,18334.0,14367.0,87.4,32.7,203.7,1,24,9,3,13355.0,84.2,39.3,13199.333333333334,81.73333333333333,1.36,20.98
MOIL-08,12,Balaghat,1,0,2022-10-01,18959.0,17696.0,84.3,52.7,106.8,0,25,10,4,14367.0,87.4,32.7,13268.666666666666,83.43333333333334,2.11,21.08
MOIL-08,12,Balaghat,1,0,2022-11-01,20439.0,18437.0,93.8,21.2,34.9,0,23,11,4,17696.0,84.3,52.7,15139.333333333334,85.30000000000001,0.92,21.57
MOIL-08,12,Balaghat,1,0,2022-12-01,21447.0,23043.0,86.6,36.1,13.0,0,26,12,4,18437.0,93.8,21.2,16833.333333333332,88.5,1.39,22.52
MOIL-08,12,Balaghat,1,0,2023-01-01,20601.0,19582.0,96.2,10.2,10.2,0,25,1,1,23043.0,86.6,36.1,19725.333333333332,88.23333333333333,0.41,24.05
MOIL-08,12,Balaghat,1,0,2023-02-01,21533.0,18720.0,88.8,28.5,15.4,0,23,2,1,19582.0,96.2,10.2,20354.0,92.19999999999999,1.24,20.42
MOIL-08,12,Balaghat,1,0,2023-03-01,20050.0,20858.0,91.3,26.8,19.1,0,26,3,1,18720.0,88.8,28.5,20448.333333333332,90.53333333333335,1.03,23.74
MOIL-08,12,Balaghat,1,0,2023-04-01,20731.0,19210.0,88.6,32.9,18.1,0,24,4,2,20858.0,91.3,26.8,19720.0,92.10000000000001,1.37,21.26
MOIL-08,12,Balaghat,1,0,2023-05-01,20094.0,19596.0,89.4,42.9,44.4,0,26,5,2,19210.0,88.6,32.9,19596.0,89.56666666666666,1.65,23.24
MOIL-08,12,Balaghat,1,0,2023-06-01,18251.0,15694.0,87.3,30.6,190.8,1,24,6,2,19596.0,89.4,42.9,19888.0,89.76666666666667,1.28,20.95
MOIL-08,12,Balaghat,1,0,2023-07-01,15383.0,12912.0,83.1,60.6,304.6,0,24,7,3,15694.0,87.3,30.6,18166.666666666668,88.43333333333332,2.52,19.94
MOIL-08,12,Balaghat,1,0,2023-08-01,16443.0,12736.0,82.0,56.8,240.4,1,26,8,3,12912.0,83.1,60.6,16067.333333333334,86.60000000000001,2.18,21.32
MOIL-08,12,Balaghat,1,0,2023-09-01,18774.0,15095.0,84.3,59.3,135.8,4,24,9,3,12736.0,82.0,56.8,13780.666666666666,84.13333333333333,2.47,20.23
MOIL-08,12,Balaghat,1,0,2023-10-01,19078.0,15774.0,94.9,18.2,105.2,3,24,10,4,15095.0,84.3,59.3,13581.0,83.13333333333333,0.76,22.78
MOIL-08,12,Balaghat,1,0,2023-11-01,19229.0,18456.0,89.4,39.8,34.0,0,25,11,4,15774.0,94.9,18.2,14535.0,87.06666666666666,1.59,22.35
MOIL-08,12,Balaghat,1,0,2023-12-01,20652.0,20929.0,89.7,36.7,11.3,0,25,12,4,18456.0,89.4,39.8,16441.666666666668,89.53333333333335,1.47,22.42
MOIL-08,12,Balaghat,1,0,2024-01-01,21569.0,20749.0,88.6,47.2,12.3,2,26,1,1,20929.0,89.7,36.7,18386.333333333332,91.33333333333333,1.82,23.04
MOIL-08,12,Balaghat,1,0,2024-02-01,21557.0,18957.0,83.3,42.6,15.8,2,24,2,1,20749.0,88.6,47.2,20044.666666666668,89.23333333333335,1.78,19.99
MOIL-08,12,Balaghat,1,0,2024-03-01,20510.0,18979.0,89.3,37.0,13.6,0,25,3,1,18957.0,83.3,42.6,20211.666666666668,87.19999999999999,1.48,22.32
MOIL-08,12,Balaghat,1,0,2024-04-01,21244.0,17159.0,89.6,23.7,20.1,2,23,4,2,18979.0,89.3,37.0,19561.666666666668,87.06666666666666,1.03,20.61
MOIL-08,12,Balaghat,1,0,2024-05-01,19760.0,19405.0,89.9,30.7,39.4,0,25,5,2,17159.0,89.6,23.7,18365.0,87.39999999999999,1.23,22.48
MOIL-08,12,Balaghat,1,0,2024-06-01,17942.0,14663.0,84.0,57.3,193.1,0,24,6,2,19405.0,89.9,30.7,18514.333333333332,89.59999999999998,2.39,20.16
MOIL-08,12,Balaghat,1,0,2024-07-01,16633.0,13605.0,84.8,39.9,162.2,0,24,7,3,14663.0,84.0,57.3,17075.666666666668,87.83333333333333,1.66,20.35
MOIL-08,12,Balaghat,1,0,2024-08-01,16828.0,13720.0,90.2,35.4,177.1,1,25,8,3,13605.0,84.8,39.9,15891.0,86.23333333333333,1.42,22.55
MOIL-08,12,Balaghat,1,0,2024-09-01,18618.0,14280.0,85.5,48.9,197.2,2,24,9,3,13720.0,90.2,35.4,13996.0,86.33333333333333,2.04,20.52
MOIL-08,12,Balaghat,1,0,2024-10-01,19072.0,18588.0,92.3,29.8,60.7,0,26,10,4,14280.0,85.5,48.9,13868.333333333334,86.83333333333333,1.15,24.0
MOIL-08,12,Balaghat,1,0,2024-11-01,21336.0,17046.0,94.0,16.3,23.1,5,24,11,4,18588.0,92.3,29.8,15529.333333333334,89.33333333333333,0.68,22.56
MOIL-08,12,Balaghat,1,0,2024-12-01,19672.0,17977.0,85.4,41.0,6.3,0,24,12,4,17046.0,94.0,16.3,16638.0,90.60000000000001,1.71,20.5
MOIL-08,12,Balaghat,1,0,2025-01-01,21598.0,18704.0,91.6,30.6,11.3,3,25,1,1,17977.0,85.4,41.0,17870.333333333332,90.56666666666666,1.22,22.9
MOIL-08,12,Balaghat,1,0,2025-02-01,22213.0,18931.0,92.7,22.6,15.4,0,23,2,1,18704.0,91.6,30.6,17909.0,90.33333333333333,0.98,21.32
MOIL-08,12,Balaghat,1,0,2025-03-01,20715.0,19764.0,92.2,20.8,14.1,0,24,3,1,18931.0,92.7,22.6,18537.333333333332,89.89999999999999,0.87,22.13
MOIL-08,12,Balaghat,1,0,2025-04-01,19931.0,18075.0,89.1,40.7,17.3,0,24,4,2,19764.0,92.2,20.8,19133.0,92.16666666666667,1.7,21.38
MOIL-08,12,Balaghat,1,0,2025-05-01,21331.0,20590.0,95.7,11.5,29.5,0,25,5,2,18075.0,89.1,40.7,18923.333333333332,91.33333333333333,0.46,23.92
MOIL-08,12,Balaghat,1,0,2025-06-01,19291.0,13638.0,79.5,72.9,255.5,1,23,6,2,20590.0,95.7,11.5,19476.333333333332,92.33333333333333,3.17,18.28
MOIL-08,12,Balaghat,1,0,2025-07-01,16431.0,13772.0,84.5,54.1,370.6,0,25,7,3,13638.0,79.5,72.9,17434.333333333332,88.10000000000001,2.16,21.12
MOIL-08,12,Balaghat,1,0,2025-08-01,16213.0,13653.0,86.9,43.1,428.7,1,25,8,3,13772.0,84.5,54.1,16000.0,86.56666666666666,1.72,21.72
MOIL-08,12,Balaghat,1,0,2025-09-01,17877.0,14348.0,84.4,35.9,302.4,0,24,9,3,13653.0,86.9,43.1,13687.666666666666,83.63333333333334,1.5,20.26
MOIL-08,12,Balaghat,1,0,2025-10-01,21800.0,19961.0,91.8,20.0,77.3,0,24,10,4,14348.0,84.4,35.9,13924.333333333334,85.26666666666667,0.83,22.03
MOIL-08,12,Balaghat,1,0,2025-11-01,22051.0,14398.0,89.4,26.0,26.4,5,24,11,4,19961.0,91.8,20.0,15987.333333333334,87.7,1.08,21.46
MOIL-08,12,Balaghat,1,0,2025-12-01,20633.0,20480.0,95.0,18.2,14.4,0,26,12,4,14398.0,89.4,26.0,16235.666666666666,88.53333333333335,0.7,24.7
MOIL-09,11,Jhabua,1,0,2022-01-01,8423.0,7672.0,92.1,27.3,13.2,0,24,1,1,6896.8,87.44857142857143,38.9,6897.771428571428,87.39809523809524,1.14,22.1
MOIL-09,11,Jhabua,1,0,2022-02-01,8100.0,6656.0,88.9,25.4,7.8,0,22,2,1,7672.0,92.1,27.3,7672.0,92.1,1.15,19.56
MOIL-09,11,Jhabua,1,0,2022-03-01,7628.0,7989.0,90.3,25.9,13.6,0,26,3,1,6656.0,88.9,25.4,7164.0,90.5,1.0,23.48
MOIL-09,11,Jhabua,1,0,2022-04-01,7629.0,7904.0,92.7,28.0,22.9,0,25,4,2,7989.0,90.3,25.9,7439.0,90.43333333333334,1.12,23.18
MOIL-09,11,Jhabua,1,0,2022-05-01,8169.0,7685.0,96.5,12.3,35.0,0,25,5,2,7904.0,92.7,28.0,7516.333333333333,90.63333333333333,0.49,24.12
MOIL-09,11,Jhabua,1,0,2022-06-01,6758.0,5112.0,87.2,37.3,198.9,0,24,6,2,7685.0,96.5,12.3,7859.333333333333,93.16666666666667,1.55,20.93
MOIL-09,11,Jhabua,1,0,2022-07-01,6100.0,4481.0,81.1,54.5,280.2,1,24,7,3,5112.0,87.2,37.3,6900.333333333333,92.13333333333333,2.27,19.46
MOIL-09,11,Jhabua,1,0,2022-08-01,6075.0,5016.0,77.2,81.9,172.9,2,26,8,3,4481.0,81.1,54.5,5759.333333333333,88.26666666666667,3.15,20.07
MOIL-09,11,Jhabua,1,0,2022-09-01,6772.0,5309.0,80.5,57.0,214.3,1,24,9,3,5016.0,77.2,81.9,4869.666666666667,81.83333333333333,2.38,19.32
MOIL-09,11,Jhabua,1,0,2022-10-01,7821.0,6574.0,84.5,52.5,97.0,0,23,10,4,5309.0,80.5,57.0,4935.333333333333,79.60000000000001,2.28,19.43
MOIL-09,11,Jhabua,1,0,2022-11-01,7818.0,7628.0,87.6,32.8,17.4,0,25,11,4,6574.0,84.5,52.5,5633.0,80.73333333333333,1.31,21.9
MOIL-09,11,Jhabua,1,0,2022-12-01,7800.0,7386.0,89.9,34.4,15.8,0,25,12,4,7628.0,87.6,32.8,6503.666666666667,84.2,1.38,22.48
MOIL-09,11,Jhabua,1,0,2023-01-01,8491.0,7507.0,82.4,65.9,10.2,0,24,1,1,7386.0,89.9,34.4,7196.0,87.33333333333333,2.75,19.78
MOIL-09,11,Jhabua,1,0,2023-02-01,8527.0,7579.0,86.2,31.6,12.4,0,23,2,1,7507.0,82.4,65.9,7507.0,86.63333333333333,1.37,19.83
MOIL-09,11,Jhabua,1,0,2023-03-01,8434.0,7961.0,89.8,38.0,14.6,0,25,3,1,7579.0,86.2,31.6,7490.666666666667,86.16666666666667,1.52,22.45
MOIL-09,11,Jhabua,1,0,2023-04-01,8579.0,7209.0,85.4,52.8,29.3,0,23,4,2,7961.0,89.8,38.0,7682.333333333333,86.13333333333333,2.3,19.64
MOIL-09,11,Jhabua,1,0,2023-05-01,7789.0,7790.0,90.9,31.9,27.3,0,26,5,2,7209.0,85.4,52.8,7583.0,87.13333333333333,1.23,23.63
MOIL-09,11,Jhabua,1,0,2023-06-01,6880.0,5077.0,84.6,38.2,165.3,2,25,6,2,7790.0,90.9,31.9,7653.333333333333,88.7,1.53,21.15
MOIL-09,11,Jhabua,1,0,2023-07-01,6566.0,5972.0,83.1,56.1,323.5,0,25,7,3,5077.0,84.6,38.2,6692.0,86.96666666666665,2.24,20.78
MOIL-09,11,Jhabua,1,0,2023-08-01,6725.0,5406.0,80.8,50.4,343.6,1,26,8,3,5972.0,83.1,56.1,6279.666666666667,86.2,1.94,21.01
MOIL-09,11,Jhabua,1,0,2023-09-01,7458.0,6067.0,85.5,47.7,235.9,1,25,9,3,5406.0,80.8,50.4,5485.0,82.83333333333333,1.91,21.38
MOIL-09,11,Jhabua,1,0,2023-10-01,7628.0,7664.0,87.0,33.2,68.7,0,25,10,4,6067.0,85.5,47.7,5815.0,83.13333333333333,1.33,21.75
MOIL-09,11,Jhabua,1,0,2023-11-01,8283.0,8457.0,88.3,31.4,18.7,0,25,11,4,7664.0,87.0,33.2,6379.0,84.43333333333334,1.26,22.08
MOIL-09,11,Jhabua,1,0,2023-12-01,8172.0,7614.0,90.1,26.2,7.7,0,24,12,4,8457.0,88.3,31.4,7396.0,86.93333333333332,1.09,21.62
MOIL-09,11,Jhabua,1,0,2024-01-01,8424.0,8267.0,93.2,20.9,7.8,0,25,1,1,7614.0,90.1,26.2,7911.666666666667,88.46666666666665,0.84,23.3
MOIL-09,11,Jhabua,1,0,2024-02-01,7788.0,7118.0,93.8,18.1,12.5,0,24,2,1,8267.0,93.2,20.9,8112.666666666667,90.53333333333332,0.75,22.51
MOIL-09,11,Jhabua,1,0,2024-03-01,8679.0,9435.0,86.5,41.4,23.1,0,25,3,1,7118.0,93.8,18.1,7666.333333333333,92.36666666666667,1.66,21.62
MOIL-09,11,Jhabua,1,0,2024-04-01,8125.0,7818.0,92.0,18.7,15.2,0,24,4,2,9435.0,86.5,41.4,8273.333333333334,91.16666666666667,0.78,22.08
MOIL-09,11,Jhabua,1,0,2024-05-01,8053.0,7997.0,95.3,16.8,46.4,0,25,5,2,7818.0,92.0,18.7,8123.666666666667,90.76666666666667,0.67,23.82
MOIL-09,11,Jhabua,1,0,2024-06-01,7267.0,5987.0,85.6,37.8,130.7,0,23,6,2,7997.0,95.3,16.8,8416.666666666666,91.26666666666667,1.64,19.69
MOIL-09,11,Jhabua,1,0,2024-07-01,6647.0,5355.0,80.0,68.2,312.9,2,26,7,3,5987.0,85.6,37.8,7267.333333333333,90.96666666666665,2.62,20.8
MOIL-09,11,Jhabua,1,0,2024-08-01,6971.0,5291.0,83.1,58.4,379.3,0,24,8,3,5355.0,80.0,68.2,6446.333333333333,86.96666666666665,2.43,19.94
MOIL-09,11,Jhabua,1,0,2024-09-01,7339.0,5411.0,82.0,57.7,184.1,2,24,9,3,5291.0,83.1,58.4,5544.333333333333,82.89999999999999,2.4,19.68
MOIL-09,11,Jhabua,1,0,2024-10-01,8049.0,7582.0,93.2,26.5,45.5,1,25,10,4,5411.0,82.0,57.7,5352.333333333333,81.7,1.06,23.3
MOIL-09,11,Jhabua,1,0,2024-11-01,8476.0,7412.0,93.4,24.3,37.8,0,23,11,4,7582.0,93.2,26.5,6094.666666666667,86.10000000000001,1.06,21.48
MOIL-09,11,Jhabua,1,0,2024-12-01,8232.0,7625.0,88.6,43.0,10.8,0,25,12,4,7412.0,93.4,24.3,6801.666666666667,89.53333333333335,1.72,22.15
MOIL-09,11,Jhabua,1,0,2025-01-01,8614.0,8775.0,93.2,19.3,7.4,0,26,1,1,7625.0,88.6,43.0,7539.666666666667,91.73333333333333,0.74,24.23
MOIL-09,11,Jhabua,1,0,2025-02-01,8580.0,7681.0,89.7,23.6,16.3,0,22,2,1,8775.0,93.2,19.3,7937.333333333333,91.73333333333333,1.07,19.73
MOIL-09,11,Jhabua,1,0,2025-03-01,8360.0,7617.0,90.1,34.0,8.7,0,25,3,1,7681.0,89.7,23.6,8027.0,90.5,1.36,22.52
MOIL-09,11,Jhabua,1,0,2025-04-01,8314.0,6657.0,94.0,21.2,19.4,0,23,4,2,7617.0,90.1,34.0,8024.333333333333,91.0,0.92,21.62
MOIL-09,11,Jhabua,1,0,2025-05-01,8389.0,8690.0,89.9,30.5,30.3,0,26,5,2,6657.0,94.0,21.2,7318.333333333333,91.26666666666667,1.17,23.37
MOIL-09,11,Jhabua,1,0,2025-06-01,7550.0,6440.0,84.0,45.0,235.5,0,24,6,2,8690.0,89.9,30.5,7654.666666666667,91.33333333333333,1.88,20.16
MOIL-09,11,Jhabua,1,0,2025-07-01,6960.0,5193.0,84.5,58.4,401.7,3,24,7,3,6440.0,84.0,45.0,7262.333333333333,89.3,2.43,20.28
MOIL-09,11,Jhabua,1,0,2025-08-01,7060.0,6156.0,86.0,39.3,267.1,0,25,8,3,5193.0,84.5,58.4,6774.333333333333,86.13333333333333,1.57,21.5
MOIL-09,11,Jhabua,1,0,2025-09-01,8059.0,7004.0,83.1,43.8,157.3,0,24,9,3,6156.0,86.0,39.3,5929.666666666667,84.83333333333333,1.82,19.94
MOIL-09,11,Jhabua,1,0,2025-10-01,8310.0,7588.0,93.7,18.8,81.8,0,25,10,4,7004.0,83.1,43.8,6117.666666666667,84.53333333333333,0.75,23.42
MOIL-09,11,Jhabua,1,0,2025-11-01,8719.0,6597.0,90.6,24.5,29.3,4,23,11,4,7588.0,93.7,18.8,6916.0,87.60000000000001,1.07,20.84
MOIL-09,11,Jhabua,1,0,2025-12-01,8179.0,8329.0,85.9,47.4,11.6,0,26,12,4,6597.0,90.6,24.5,7063.0,89.13333333333333,1.82,22.33
MOIL-10,13,Jhabua,1,0,2022-01-01,9378.0,8578.0,89.7,33.2,8.8,0,24,1,1,7517.542857142857,87.23714285714286,40.12285714285714,7502.823809523809,87.24428571428572,1.38,21.53
MOIL-10,13,Jhabua,1,0,2022-02-01,8923.0,7875.0,85.0,49.7,17.5,0,23,2,1,8578.0,89.7,33.2,8578.0,89.7,2.16,19.55
MOIL-10,13,Jhabua,1,0,2022-03-01,8807.0,8522.0,89.6,26.9,20.7,2,26,3,1,7875.0,85.0,49.7,8226.5,87.35,1.03,23.3
MOIL-10,13,Jhabua,1,0,2022-04-01,8951.0,8118.0,87.0,38.5,21.3,0,23,4,2,8522.0,89.6,26.9,8325.0,88.10000000000001,1.67,20.01
MOIL-10,13,Jhabua,1,0,2022-05-01,9028.0,9005.0,88.6,32.2,39.2,0,24,5,2,8118.0,87.0,38.5,8171.666666666667,87.2,1.34,21.26
MOIL-10,13,Jhabua,1,0,2022-06-01,7481.0,5793.0,85.3,53.9,284.8,0,23,6,2,9005.0,88.6,32.2,8548.333333333334,88.39999999999999,2.34,19.62
MOIL-10,13,Jhabua,1,0,2022-07-01,7264.0,5167.0,81.2,45.1,375.5,1,25,7,3,5793.0,85.3,53.9,7638.666666666667,86.96666666666665,1.8,20.3
MOIL-10,13,Jhabua,1,0,2022-08-01,7177.0,5319.0,76.2,58.7,207.2,0,24,8,3,5167.0,81.2,45.1,6655.0,85.03333333333332,2.45,18.29
MOIL-10,13,Jhabua,1,0,2022-09-01,7969.0,7054.0,84.9,49.5,168.2,1,24,9,3,5319.0,76.2,58.7,5426.333333333333,80.9,2.06,20.38
MOIL-10,13,Jhabua,1,0,2022-10-01,8462.0,7221.0,90.0,33.4,78.9,0,23,10,4,7054.0,84.9,49.5,5846.666666666667,80.76666666666667,1.45,20.7
MOIL-10,13,Jhabua,1,0,2022-11-01,8862.0,7480.0,85.6,47.1,22.6,3,25,11,4,7221.0,90.0,33.4,6531.333333333333,83.7,1.88,21.4
MOIL-10,13,Jhabua,1,0,2022-12-01,8677.0,8117.0,90.5,24.1,13.8,0,25,12,4,7480.0,85.6,47.1,7251.666666666667,86.83333333333333,0.96,22.62
MOIL-10,13,Jhabua,1,0,2023-01-01,9289.0,8681.0,89.6,31.5,8.3,0,25,1,1,8117.0,90.5,24.1,7606.0,88.7,1.26,22.4
MOIL-10,13,Jhabua,1,0,2023-02-01,8781.0,7059.0,93.6,15.2,14.4,4,22,2,1,8681.0,89.6,31.5,8092.666666666667,88.56666666666666,0.69,20.59
MOIL-10,13,Jhabua,1,0,2023-03-01,9060.0,8525.0,86.7,39.5,11.9,2,25,3,1,7059.0,93.6,15.2,7952.333333333333,91.23333333333333,1.58,21.68
MOIL-10,13,Jhabua,1,0,2023-04-01,9632.0,8776.0,93.5,21.9,18.9,0,24,4,2,8525.0,86.7,39.5,8088.333333333333,89.96666666666665,0.91,22.44
MOIL-10,13,Jhabua,1,0,2023-05-01,8880.0,9044.0,91.5,33.7,35.0,0,26,5,2,8776.0,93.5,21.9,8120.0,91.26666666666667,1.3,23.79
MOIL-10,13,Jhabua,1,0,2023-06-01,7865.0,6597.0,85.2,37.6,237.6,0,25,6,2,9044.0,91.5,33.7,8781.666666666666,90.56666666666666,1.5,21.3
MOIL-10,13,Jhabua,1,0,2023-07-01,7615.0,6063.0,81.5,50.5,360.1,0,25,7,3,6597.0,85.2,37.6,8139.0,90.06666666666668,2.02,20.38
MOIL-10,13,Jhabua,1,0,2023-08-01,6945.0,5031.0,79.1,78.6,310.8,5,26,8,3,6063.0,81.5,50.5,7234.666666666667,86.06666666666668,3.02,20.57
MOIL-10,13,Jhabua,1,0,2023-09-01,7923.0,4974.0,81.8,53.8,134.8,5,24,9,3,5031.0,79.1,78.6,5897.0,81.93333333333334,2.24,19.63
MOIL-10,13,Jhabua,1,0,2023-10-01,9009.0,8357.0,88.4,34.5,90.6,0,24,10,4,4974.0,81.8,53.8,5356.0,80.8,1.44,21.22
MOIL-10,13,Jhabua,1,0,2023-11-01,9146.0,8502.0,92.1,28.5,38.8,0,24,11,4,8357.0,88.4,34.5,6120.666666666667,83.10000000000001,1.19,22.1
MOIL-10,13,Jhabua,1,0,2023-12-01,9312.0,8497.0,86.6,48.2,10.6,0,25,12,4,8502.0,92.1,28.5,7277.666666666667,87.43333333333334,1.93,21.65
MOIL-10,13,Jhabua,1,0,2024-01-01,9121.0,7785.0,89.7,35.0,5.8,0,24,1,1,8497.0,86.6,48.2,8452.0,89.03333333333332,1.46,21.53
MOIL-10,13,Jhabua,1,0,2024-02-01,9320.0,8722.0,86.9,34.3,14.6,1,24,2,1,7785.0,89.7,35.0,8261.333333333334,89.46666666666665,1.43,20.86
MOIL-10,13,Jhabua,1,0,2024-03-01,9376.0,8664.0,87.8,41.8,19.3,0,24,3,1,8722.0,86.9,34.3,8334.666666666666,87.73333333333333,1.74,21.07
MOIL-10,13,Jhabua,1,0,2024-04-01,9151.0,7421.0,89.0,37.5,24.1,0,23,4,2,8664.0,87.8,41.8,8390.333333333334,88.13333333333334,1.63,20.47
MOIL-10,13,Jhabua,1,0,2024-05-01,9284.0,8797.0,88.9,42.1,48.8,0,26,5,2,7421.0,89.0,37.5,8269.0,87.89999999999999,1.62,23.11
MOIL-10,13,Jhabua,1,0,2024-06-01,7730.0,6138.0,87.9,42.0,302.1,0,23,6,2,8797.0,88.9,42.1,8294.0,88.56666666666666,1.83,20.22
MOIL-10,13,Jhabua,1,0,2024-07-01,8159.0,7224.0,89.0,40.7,326.0,1,26,7,3,6138.0,87.9,42.0,7452.0,88.60000000000001,1.57,23.14
MOIL-10,13,Jhabua,1,0,2024-08-01,7540.0,6264.0,83.2,60.8,216.6,0,25,8,3,7224.0,89.0,40.7,7386.333333333333,88.60000000000001,2.43,20.8
MOIL-10,13,Jhabua,1,0,2024-09-01,8756.0,6021.0,92.8,21.4,204.9,3,23,9,3,6264.0,83.2,60.8,6542.0,86.7,0.93,21.34
MOIL-10,13,Jhabua,1,0,2024-10-01,8900.0,8518.0,83.8,60.3,42.9,2,26,10,4,6021.0,92.8,21.4,6503.0,88.33333333333333,2.32,21.79
MOIL-10,13,Jhabua,1,0,2024-11-01,10006.0,9205.0,91.1,22.6,40.6,0,25,11,4,8518.0,83.8,60.3,6934.333333333333,86.59999999999998,0.9,22.78
MOIL-10,13,Jhabua,1,0,2024-12-01,9195.0,8733.0,87.9,38.8,9.7,0,25,12,4,9205.0,91.1,22.6,7914.666666666667,89.23333333333333,1.55,21.98
MOIL-10,13,Jhabua,1,0,2025-01-01,9524.0,8555.0,88.3,33.0,9.0,0,25,1,1,8733.0,87.9,38.8,8818.666666666666,87.59999999999998,1.32,22.08
MOIL-10,13,Jhabua,1,0,2025-02-01,9320.0,8507.0,89.2,25.4,16.5,0,23,2,1,8555.0,88.3,33.0,8831.0,89.10000000000001,1.1,20.52
MOIL-10,13,Jhabua,1,0,2025-03-01,9280.0,8443.0,85.8,45.0,21.0,0,25,3,1,8507.0,89.2,25.4,8598.333333333334,88.46666666666665,1.8,21.45
MOIL-10,13,Jhabua,1,0,2025-04-01,10135.0,9243.0,92.8,18.5,19.0,0,23,4,2,8443.0,85.8,45.0,8501.666666666666,87.76666666666667,0.8,21.34
MOIL-10,13,Jhabua,1,0,2025-05-01,9574.0,9738.0,91.2,22.2,39.2,0,25,5,2,9243.0,92.8,18.5,8731.0,89.26666666666665,0.89,22.8
MOIL-10,13,Jhabua,1,0,2025-06-01,8471.0,7062.0,84.9,49.3,230.2,1,24,6,2,9738.0,91.2,22.2,9141.333333333334,89.93333333333334,2.05,20.38
MOIL-10,13,Jhabua,1,0,2025-07-01,7315.0,6017.0,83.8,57.1,368.0,1,26,7,3,7062.0,84.9,49.3,8681.0,89.63333333333333,2.2,21.79
MOIL-10,13,Jhabua,1,0,2025-08-01,7116.0,5714.0,88.2,28.7,276.2,2,25,8,3,6017.0,83.8,57.1,7605.666666666667,86.63333333333333,1.15,22.05
MOIL-10,13,Jhabua,1,0,2025-09-01,8099.0,6994.0,83.1,44.2,265.5,0,25,9,3,5714.0,88.2,28.7,6264.333333333333,85.63333333333334,1.77,20.78
MOIL-10,13,Jhabua,1,0,2025-10-01,8904.0,7100.0,91.8,29.4,52.0,2,25,10,4,6994.0,83.1,44.2,6241.666666666667,85.03333333333332,1.18,22.95
MOIL-10,13,Jhabua,1,0,2025-11-01,9825.0,8444.0,92.7,19.3,38.5,0,22,11,4,7100.0,91.8,29.4,6602.666666666667,87.7,0.88,20.39
MOIL-10,13,Jhabua,1,0,2025-12-01,10112.0,9315.0,86.7,49.6,9.3,1,26,12,4,8444.0,92.7,19.3,7512.666666666667,89.2,1.91,22.54
MOIL-11,10,Nagpur,2,1,2022-01-01,11102.0,9970.0,82.0,60.0,5.7,0,25,1,1,8706.142857142857,85.30285714285714,48.45428571428572,8735.166666666666,85.11571428571429,2.4,20.5
MOIL-11,10,Nagpur,2,1,2022-02-01,11001.0,9277.0,86.3,44.2,10.0,0,23,2,1,9970.0,82.0,60.0,9970.0,82.0,1.92,19.85
MOIL-11,10,Nagpur,2,1,2022-03-01,11126.0,9048.0,78.9,71.9,15.2,0,24,3,1,9277.0,86.3,44.2,9623.5,84.15,3.0,18.94
MOIL-11,10,Nagpur,2,1,2022-04-01,11080.0,9346.0,85.5,50.4,17.4,0,23,4,2,9048.0,78.9,71.9,9431.666666666666,82.39999999999999,2.19,19.66
MOIL-11,10,Nagpur,2,1,2022-05-01,10386.0,7732.0,88.0,37.9,32.8,5,24,5,2,9346.0,85.5,50.4,9223.666666666666,83.56666666666666,1.58,21.12
MOIL-11,10,Nagpur,2,1,2022-06-01,9445.0,7610.0,86.3,43.2,215.7,1,25,6,2,7732.0,88.0,37.9,8708.666666666666,84.13333333333333,1.73,21.58
MOIL-11,10,Nagpur,2,1,2022-07-01,8892.0,6839.0,80.5,61.2,279.3,0,25,7,3,7610.0,86.3,43.2,8229.333333333334,86.60000000000001,2.45,20.12
MOIL-11,10,Nagpur,2,1,2022-08-01,9109.0,7984.0,81.4,60.6,188.0,0,25,8,3,6839.0,80.5,61.2,7393.666666666667,84.93333333333334,2.42,20.35
MOIL-11,10,Nagpur,2,1,2022-09-01,9760.0,6277.0,74.5,75.4,242.1,0,23,9,3,7984.0,81.4,60.6,7477.666666666667,82.73333333333333,3.28,17.14
MOIL-11,10,Nagpur,2,1,2022-10-01,10243.0,8363.0,87.3,29.6,39.5,0,23,10,4,6277.0,74.5,75.4,7033.333333333333,78.8,1.29,20.08
MOIL-11,10,Nagpur,2,1,2022-11-01,11263.0,9551.0,86.2,54.5,21.4,0,25,11,4,8363.0,87.3,29.6,7541.333333333333,81.06666666666666,2.18,21.55
MOIL-11,10,Nagpur,2,1,2022-12-01,10841.0,10237.0,92.6,27.5,10.1,0,26,12,4,9551.0,86.2,54.5,8063.666666666667,82.66666666666667,1.06,24.08
MOIL-11,10,Nagpur,2,1,2023-01-01,10767.0,9449.0,86.0,48.5,5.6,0,23,1,1,10237.0,92.6,27.5,9383.666666666666,88.7,2.11,19.78
MOIL-11,10,Nagpur,2,1,2023-02-01,11667.0,8032.0,82.3,54.1,17.8,0,21,2,1,9449.0,86.0,48.5,9745.666666666666,88.26666666666665,2.58,17.28
MOIL-11,10,Nagpur,2,1,2023-03-01,11025.0,10181.0,91.5,28.2,14.7,0,25,3,1,8032.0,82.3,54.1,9239.333333333334,86.96666666666665,1.13,22.88
MOIL-11,10,Nagpur,2,1,2023-04-01,11945.0,11208.0,87.5,37.4,20.2,0,24,4,2,10181.0,91.5,28.2,9220.666666666666,86.60000000000001,1.56,21.0
MOIL-11,10,Nagpur,2,1,2023-05-01,11190.0,9915.0,87.6,44.0,44.2,0,25,5,2,11208.0,87.5,37.4,9807.0,87.10000000000001,1.76,21.9
MOIL-11,10,Nagpur,2,1,2023-06-01,9462.0,6005.0,77.0,81.1,204.6,0,23,6,2,9915.0,87.6,44.0,10434.666666666666,88.86666666666666,3.53,17.71
MOIL-11,10,Nagpur,2,1,2023-07-01,8528.0,6211.0,86.5,32.1,201.5,0,24,7,3,6005.0,77.0,81.1,9042.666666666666,84.03333333333332,1.34,20.76
MOIL-11,10,Nagpur,2,1,2023-08-01,8275.0,6524.0,75.2,85.7,221.9,0,26,8,3,6211.0,86.5,32.1,7377.0,83.69999999999999,3.3,19.55
MOIL-11,10,Nagpur,2,1,2023-09-01,10041.0,8191.0,84.3,50.5,153.0,0,24,9,3,6524.0,75.2,85.7,6246.666666666667,79.56666666666668,2.1,20.23
MOIL-11,10,Nagpur,2,1,2023-10-01,10155.0,8446.0,90.6,30.8,84.6,1,25,10,4,8191.0,84.3,50.5,6975.333333333333,82.0,1.23,22.65
MOIL-11,10,Nagpur,2,1,2023-11-01,10845.0,9797.0,89.1,33.0,18.9,0,25,11,4,8446.0,90.6,30.8,7720.333333333333,83.36666666666666,1.32,22.28
MOIL-11,10,Nagpur,2,1,2023-12-01,10875.0,8802.0,91.2,24.5,11.0,3,24,12,4,9797.0,89.1,33.0,8811.333333333334,88.0,1.02,21.89
MOIL-11,10,Nagpur,2,1,2024-01-01,12001.0,11660.0,89.3,41.2,10.1,0,26,1,1,8802.0,91.2,24.5,9015.0,90.3,1.58,23.22
MOIL-11,10,Nagpur,2,1,2024-02-01,11227.0,8289.0,88.4,33.8,16.8,0,22,2,1,11660.0,89.3,41.2,10086.333333333334,89.86666666666667,1.54,19.45
MOIL-11,10,Nagpur,2,1,2024-03-01,10791.0,8890.0,89.9,31.3,15.6,1,24,3,1,8289.0,88.4,33.8,9583.666666666666,89.63333333333333,1.3,21.58
MOIL-11,10,Nagpur,2,1,2024-04-01,11404.0,10288.0,83.7,63.3,20.2,0,25,4,2,8890.0,89.9,31.3,9613.0,89.2,2.53,20.92
MOIL-11,10,Nagpur,2,1,2024-05-01,12053.0,12023.0,89.0,39.2,40.2,0,26,5,2,10288.0,83.7,63.3,9155.666666666666,87.33333333333333,1.51,23.14
MOIL-11,10,Nagpur,2,1,2024-06-01,9887.0,6865.0,78.4,65.0,181.5,3,23,6,2,12023.0,89.0,39.2,10400.333333333334,87.53333333333335,2.83,18.03
MOIL-11,10,Nagpur,2,1,2024-07-01,8932.0,8114.0,86.9,51.6,114.0,0,26,7,3,6865.0,78.4,65.0,9725.333333333334,83.7,1.98,22.59
MOIL-11,10,Nagpur,2,1,2024-08-01,9274.0,7050.0,82.7,63.6,219.9,3,26,8,3,8114.0,86.9,51.6,9000.666666666666,84.76666666666667,2.45,21.5
MOIL-11,10,Nagpur,2,1,2024-09-01,10506.0,8349.0,80.0,68.4,205.2,0,24,9,3,7050.0,82.7,63.6,7343.0,82.66666666666667,2.85,19.2
MOIL-11,10,Nagpur,2,1,2024-10-01,10717.0,9868.0,90.2,35.9,78.8,0,26,10,4,8349.0,80.0,68.4,7837.666666666667,83.2,1.38,23.45
MOIL-11,10,Nagpur,2,1,2024-11-01,11324.0,8324.0,88.8,36.3,26.3,5,25,11,4,9868.0,90.2,35.9,8422.333333333334,84.3,1.45,22.2
MOIL-11,10,Nagpur,2,1,2024-12-01,11066.0,9757.0,84.3,39.2,13.2,0,24,12,4,8324.0,88.8,36.3,8847.0,86.33333333333333,1.63,20.23
MOIL-11,10,Nagpur,2,1,2025-01-01,11477.0,11503.0,89.9,26.5,7.7,0,26,1,1,9757.0,84.3,39.2,9316.333333333334,87.76666666666665,1.02,23.37
MOIL-11,10,Nagpur,2,1,2025-02-01,11884.0,9127.0,88.7,25.8,7.3,0,23,2,1,11503.0,89.9,26.5,9861.333333333334,87.66666666666667,1.12,20.4
MOIL-11,10,Nagpur,2,1,2025-03-01,12039.0,10905.0,86.0,36.3,15.8,0,24,3,1,9127.0,88.7,25.8,10129.0,87.63333333333333,1.51,20.64
MOIL-11,10,Nagpur,2,1,2025-04-01,11220.0,10819.0,83.5,53.1,17.0,0,24,4,2,10905.0,86.0,36.3,10511.666666666666,88.2,2.21,20.04
MOIL-11,10,Nagpur,2,1,2025-05-01,11282.0,10313.0,88.9,30.0,25.7,3,26,5,2,10819.0,83.5,53.1,10283.666666666666,86.06666666666666,1.15,23.11
MOIL-11,10,Nagpur,2,1,2025-06-01,10430.0,7702.0,82.6,39.9,237.8,0,23,6,2,10313.0,88.9,30.0,10679.0,86.13333333333334,1.73,19.0
MOIL-11,10,Nagpur,2,1,2025-07-01,9152.0,7394.0,80.9,53.0,294.0,0,26,7,3,7702.0,82.6,39.9,9611.333333333334,85.0,2.04,21.03
MOIL-11,10,Nagpur,2,1,2025-08-01,9012.0,6715.0,80.6,51.6,222.4,3,24,8,3,7394.0,80.9,53.0,8469.666666666666,84.13333333333334,2.15,19.34
MOIL-11,10,Nagpur,2,1,2025-09-01,9738.0,7925.0,79.0,55.5,86.9,0,23,9,3,6715.0,80.6,51.6,7270.333333333333,81.36666666666666,2.41,18.17
MOIL-11,10,Nagpur,2,1,2025-10-01,11165.0,10754.0,89.1,30.3,60.2,0,26,10,4,7925.0,79.0,55.5,7344.666666666667,80.16666666666667,1.17,23.17
MOIL-11,10,Nagpur,2,1,2025-11-01,12108.0,10435.0,85.2,36.2,19.2,1,24,11,4,10754.0,89.1,30.3,8464.666666666666,82.89999999999999,1.51,20.45
MOIL-11,10,Nagpur,2,1,2025-12-01,11244.0,11689.0,91.0,30.5,7.8,0,26,12,4,10435.0,85.2,36.2,9704.666666666666,84.43333333333334,1.17,23.66
MOIL-12,8,Nagpur,2,0,2022-01-01,14458.0,13627.0,88.3,35.6,7.9,0,23,1,1,11868.028571428571,87.52,39.005714285714284,11900.661904761906,87.50333333333333,1.55,20.31
MOIL-12,8,Nagpur,2,0,2022-02-01,14037.0,10906.0,90.4,26.6,10.1,0,23,2,1,13627.0,88.3,35.6,13627.0,88.3,1.16,20.79
MOIL-12,8,Nagpur,2,0,2022-03-01,14098.0,14737.0,91.8,21.4,16.4,0,26,3,1,10906.0,90.4,26.6,12266.5,89.35,0.82,23.87
MOIL-12,8,Nagpur,2,0,2022-04-01,13401.0,12907.0,94.3,15.0,15.2,0,25,4,2,14737.0,91.8,21.4,13090.0,90.16666666666667,0.6,23.58
MOIL-12,8,Nagpur,2,0,2022-05-01,13712.0,13057.0,90.7,35.9,27.2,0,25,5,2,12907.0,94.3,15.0,12850.0,92.16666666666667,1.44,22.68
MOIL-12,8,Nagpur,2,0,2022-06-01,12194.0,10173.0,80.3,55.8,180.6,0,25,6,2,13057.0,90.7,35.9,13567.0,92.26666666666667,2.23,20.08
MOIL-12,8,Nagpur,2,0,2022-07-01,11058.0,9302.0,86.5,53.7,282.0,0,25,7,3,10173.0,80.3,55.8,12045.666666666666,88.43333333333334,2.15,21.62
MOIL-12,8,Nagpur,2,0,2022-08-01,11701.0,9585.0,84.0,54.3,196.0,0,24,8,3,9302.0,86.5,53.7,10844.0,85.83333333333333,2.26,20.16
MOIL-12,8,Nagpur,2,0,2022-09-01,12897.0,10522.0,80.2,60.1,180.6,0,24,9,3,9585.0,84.0,54.3,9686.666666666666,83.60000000000001,2.5,19.25
MOIL-12,8,Nagpur,2,0,2022-10-01,14069.0,12156.0,86.5,34.1,80.2,1,24,10,4,10522.0,80.2,60.1,9803.0,83.56666666666666,1.42,20.76
MOIL-12,8,Nagpur,2,0,2022-11-01,14606.0,12796.0,93.4,16.9,19.5,0,24,11,4,12156.0,86.5,34.1,10754.333333333334,83.56666666666666,0.7,22.42
MOIL-12,8,Nagpur,2,0,2022-12-01,13956.0,13074.0,90.0,35.5,15.7,0,25,12,4,12796.0,93.4,16.9,11824.666666666666,86.7,1.42,22.5
MOIL-12,8,Nagpur,2,0,2023-01-01,13631.0,12594.0,91.2,30.0,5.3,0,25,1,1,13074.0,90.0,35.5,12675.333333333334,89.96666666666665,1.2,22.8
MOIL-12,8,Nagpur,2,0,2023-02-01,13767.0,10293.0,91.6,23.0,17.8,0,23,2,1,12594.0,91.2,30.0,12821.333333333334,91.53333333333335,1.0,21.07
MOIL-12,8,Nagpur,2,0,2023-03-01,14398.0,12885.0,88.8,35.7,21.6,2,25,3,1,10293.0,91.6,23.0,11987.0,90.93333333333334,1.43,22.2
MOIL-12,8,Nagpur,2,0,2023-04-01,14332.0,12608.0,86.8,36.4,23.1,2,23,4,2,12885.0,88.8,35.7,11924.0,90.53333333333335,1.58,19.96
MOIL-12,8,Nagpur,2,0,2023-05-01,13920.0,12482.0,86.5,45.8,32.2,0,24,5,2,12608.0,86.8,36.4,11928.666666666666,89.06666666666666,1.91,20.76
MOIL-12,8,Nagpur,2,0,2023-06-01,12874.0,11093.0,82.7,58.9,223.1,0,24,6,2,12482.0,86.5,45.8,12658.333333333334,87.36666666666666,2.45,19.85
MOIL-12,8,Nagpur,2,0,2023-07-01,10988.0,9033.0,80.3,59.6,263.8,0,25,7,3,11093.0,82.7,58.9,12061.0,85.33333333333333,2.38,20.08
MOIL-12,8,Nagpur,2,0,2023-08-01,10900.0,9987.0,83.1,42.4,155.7,0,26,8,3,9033.0,80.3,59.6,10869.333333333334,83.16666666666667,1.63,21.61
MOIL-12,8,Nagpur,2,0,2023-09-01,12399.0,10074.0,87.7,35.6,214.2,3,25,9,3,9987.0,83.1,42.4,10037.666666666666,82.03333333333332,1.42,21.92
MOIL-12,8,Nagpur,2,0,2023-10-01,13796.0,12778.0,91.5,23.1,57.1,0,25,10,4,10074.0,87.7,35.6,9698.0,83.7,0.92,22.88
MOIL-12,8,Nagpur,2,0,2023-11-01,14296.0,13284.0,93.6,14.9,39.9,0,24,11,4,12778.0,91.5,23.1,10946.333333333334,87.43333333333334,0.62,22.46
MOIL-12,8,Nagpur,2,0,2023-12-01,15167.0,13919.0,83.9,51.5,11.3,3,25,12,4,13284.0,93.6,14.9,12045.333333333334,90.93333333333332,2.06,20.98
MOIL-12,8,Nagpur,2,0,2024-01-01,14228.0,14420.0,87.1,50.9,8.8,0,26,1,1,13919.0,83.9,51.5,13327.0,89.66666666666667,1.96,22.65
MOIL-12,8,Nagpur,2,0,2024-02-01,14734.0,12749.0,90.0,28.8,10.1,0,23,2,1,14420.0,87.1,50.9,13874.333333333334,88.2,1.25,20.7
MOIL-12,8,Nagpur,2,0,2024-03-01,14806.0,12340.0,87.5,43.4,14.4,1,23,3,1,12749.0,90.0,28.8,13696.0,87.0,1.89,20.12
MOIL-12,8,Nagpur,2,0,2024-04-01,14312.0,13338.0,93.6,17.0,21.5,0,24,4,2,12340.0,87.5,43.4,13169.666666666666,88.2,0.71,22.46
MOIL-12,8,Nagpur,2,0,2024-05-01,14390.0,14693.0,90.7,25.7,26.3,0,26,5,2,13338.0,93.6,17.0,12809.0,90.36666666666667,0.99,23.58
MOIL-12,8,Nagpur,2,0,2024-06-01,13318.0,11249.0,85.0,43.5,180.9,0,23,6,2,14693.0,90.7,25.7,13457.0,90.60000000000001,1.89,19.55
MOIL-12,8,Nagpur,2,0,2024-07-01,11340.0,8994.0,79.5,75.2,272.9,0,25,7,3,11249.0,85.0,43.5,13093.333333333334,89.76666666666667,3.01,19.88
MOIL-12,8,Nagpur,2,0,2024-08-01,10829.0,8992.0,86.2,47.1,277.2,2,26,8,3,8994.0,79.5,75.2,11645.333333333334,85.06666666666666,1.81,22.41
MOIL-12,8,Nagpur,2,0,2024-09-01,12529.0,10031.0,81.2,61.1,177.5,2,23,9,3,8992.0,86.2,47.1,9745.0,83.56666666666668,2.66,18.68
MOIL-12,8,Nagpur,2,0,2024-10-01,14006.0,13312.0,88.9,43.9,51.9,0,26,10,4,10031.0,81.2,61.1,9339.0,82.3,1.69,23.11
MOIL-12,8,Nagpur,2,0,2024-11-01,14534.0,11391.0,89.4,26.8,24.0,4,25,11,4,13312.0,88.9,43.9,10778.333333333334,85.43333333333334,1.07,22.35
MOIL-12,8,Nagpur,2,0,2024-12-01,14062.0,13002.0,92.6,17.6,10.8,1,24,12,4,11391.0,89.4,26.8,11578.0,86.5,0.73,22.22
MOIL-12,8,Nagpur,2,0,2025-01-01,14757.0,14488.0,87.7,46.2,7.1,0,26,1,1,13002.0,92.6,17.6,12568.333333333334,90.30000000000001,1.78,22.8
MOIL-12,8,Nagpur,2,0,2025-02-01,14719.0,12628.0,87.6,43.4,13.6,0,23,2,1,14488.0,87.7,46.2,12960.333333333334,89.89999999999999,1.89,20.15
MOIL-12,8,Nagpur,2,0,2025-03-01,15206.0,14089.0,90.4,30.1,17.0,1,24,3,1,12628.0,87.6,43.4,13372.666666666666,89.3,1.25,21.7
MOIL-12,8,Nagpur,2,0,2025-04-01,14273.0,13781.0,87.9,34.0,21.3,0,25,4,2,14089.0,90.4,30.1,13735.0,88.56666666666666,1.36,21.98
MOIL-12,8,Nagpur,2,0,2025-05-01,14317.0,14108.0,90.5,30.6,30.3,0,25,5,2,13781.0,87.9,34.0,13499.333333333334,88.63333333333333,1.22,22.62
MOIL-12,8,Nagpur,2,0,2025-06-01,13317.0,11939.0,88.2,32.6,104.2,1,24,6,2,14108.0,90.5,30.6,13992.666666666666,89.60000000000001,1.36,21.17
MOIL-12,8,Nagpur,2,0,2025-07-01,11548.0,10257.0,87.0,50.7,292.0,1,26,7,3,11939.0,88.2,32.6,13276.0,88.86666666666667,1.95,22.62
MOIL-12,8,Nagpur,2,0,2025-08-01,11163.0,8192.0,82.7,39.5,276.5,0,23,8,3,10257.0,87.0,50.7,12101.333333333334,88.56666666666666,1.72,19.02
MOIL-12,8,Nagpur,2,0,2025-09-01,12681.0,10039.0,87.0,39.0,221.9,3,25,9,3,8192.0,82.7,39.5,10129.333333333334,85.96666666666665,1.56,21.75
MOIL-12,8,Nagpur,2,0,2025-10-01,13316.0,12336.0,94.0,24.1,51.6,0,26,10,4,10039.0,87.0,39.0,9496.0,85.56666666666668,0.93,24.44
MOIL-12,8,Nagpur,2,0,2025-11-01,14881.0,12234.0,93.9,20.6,33.4,0,22,11,4,12336.0,94.0,24.1,10189.0,87.90000000000002,0.94,20.66
MOIL-12,8,Nagpur,2,0,2025-12-01,15210.0,14522.0,92.0,21.1,13.5,0,26,12,4,12234.0,93.9,20.6,11536.333333333334,91.63333333333333,0.81,23.92
MOIL-13,4,Vizianagaram,0,0,2022-01-01,8901.0,7988.0,83.4,55.2,8.7,0,24,1,1,7753.542857142857,87.50857142857143,39.48,7722.25238095238,87.33666666666666,2.3,20.02
MOIL-13,4,Vizianagaram,0,0,2022-02-01,8840.0,8011.0,89.1,31.3,13.3,0,21,2,1,7988.0,83.4,55.2,7988.0,83.4,1.49,18.71
MOIL-13,4,Vizianagaram,0,0,2022-03-01,9413.0,9226.0,86.0,38.0,10.4,0,25,3,1,8011.0,89.1,31.3,7999.5,86.25,1.52,21.5
MOIL-13,4,Vizianagaram,0,0,2022-04-01,8981.0,7332.0,91.4,24.7,11.1,2,23,4,2,9226.0,86.0,38.0,8408.333333333334,86.16666666666667,1.07,21.02
MOIL-13,4,Vizianagaram,0,0,2022-05-01,8920.0,8989.0,92.5,26.7,27.3,0,25,5,2,7332.0,91.4,24.7,8189.666666666667,88.83333333333333,1.07,23.12
MOIL-13,4,Vizianagaram,0,0,2022-06-01,7314.0,5636.0,86.4,50.2,203.1,2,25,6,2,8989.0,92.5,26.7,8515.666666666666,89.96666666666665,2.01,21.6
MOIL-13,4,Vizianagaram,0,0,2022-07-01,8014.0,6625.0,84.6,36.2,246.6,0,24,7,3,5636.0,86.4,50.2,7319.0,90.10000000000001,1.51,20.3
MOIL-13,4,Vizianagaram,0,0,2022-08-01,8040.0,6849.0,88.9,32.2,252.3,0,26,8,3,6625.0,84.6,36.2,7083.333333333333,87.83333333333333,1.24,23.11
MOIL-13,4,Vizianagaram,0,0,2022-09-01,8352.0,6958.0,81.3,66.8,121.9,1,24,9,3,6849.0,88.9,32.2,6370.0,86.63333333333333,2.78,19.51
MOIL-13,4,Vizianagaram,0,0,2022-10-01,9101.0,7883.0,83.7,61.2,55.6,0,24,10,4,6958.0,81.3,66.8,6810.666666666667,84.93333333333334,2.55,20.09
MOIL-13,4,Vizianagaram,0,0,2022-11-01,9133.0,8370.0,85.0,42.8,8.1,2,24,11,4,7883.0,83.7,61.2,7230.0,84.63333333333334,1.78,20.4
MOIL-13,4,Vizianagaram,0,0,2022-12-01,9243.0,8874.0,90.7,29.0,9.6,1,24,12,4,8370.0,85.0,42.8,7737.0,83.33333333333333,1.21,21.77
MOIL-13,4,Vizianagaram,0,0,2023-01-01,9404.0,9052.0,92.9,17.3,5.3,0,24,1,1,8874.0,90.7,29.0,8375.666666666666,86.46666666666665,0.72,22.3
MOIL-13,4,Vizianagaram,0,0,2023-02-01,9130.0,8120.0,93.4,21.2,5.6,0,23,2,1,9052.0,92.9,17.3,8765.333333333334,89.53333333333335,0.92,21.48
MOIL-13,4,Vizianagaram,0,0,2023-03-01,9143.0,8712.0,92.2,26.1,11.7,0,26,3,1,8120.0,93.4,21.2,8682.0,92.33333333333333,1.0,23.97
MOIL-13,4,Vizianagaram,0,0,2023-04-01,9125.0,8440.0,92.2,27.1,15.1,0,24,4,2,8712.0,92.2,26.1,8628.0,92.83333333333333,1.13,22.13
MOIL-13,4,Vizianagaram,0,0,2023-05-01,9345.0,8973.0,85.1,60.7,26.5,0,26,5,2,8440.0,92.2,27.1,8424.0,92.60000000000001,2.33,22.13
MOIL-13,4,Vizianagaram,0,0,2023-06-01,8138.0,6656.0,79.0,49.1,156.3,0,24,6,2,8973.0,85.1,60.7,8708.333333333334,89.83333333333333,2.05,18.96
MOIL-13,4,Vizianagaram,0,0,2023-07-01,6852.0,5663.0,85.8,53.2,237.0,0,25,7,3,6656.0,79.0,49.1,8023.0,85.43333333333334,2.13,21.45
MOIL-13,4,Vizianagaram,0,0,2023-08-01,7120.0,6708.0,83.0,61.8,154.2,0,26,8,3,5663.0,85.8,53.2,7097.333333333333,83.3,2.38,21.58
MOIL-13,4,Vizianagaram,0,0,2023-09-01,8145.0,6692.0,83.4,52.7,130.5,0,23,9,3,6708.0,83.0,61.8,6342.333333333333,82.60000000000001,2.29,19.18
MOIL-13,4,Vizianagaram,0,0,2023-10-01,8743.0,7868.0,86.8,44.2,66.4,0,25,10,4,6692.0,83.4,52.7,6354.333333333333,84.06666666666668,1.77,21.7
MOIL-13,4,Vizianagaram,0,0,2023-11-01,8807.0,7847.0,84.3,50.7,14.7,0,24,11,4,7868.0,86.8,44.2,7089.333333333333,84.39999999999999,2.11,20.23
MOIL-13,4,Vizianagaram,0,0,2023-12-01,8995.0,8276.0,92.1,21.5,6.5,2,25,12,4,7847.0,84.3,50.7,7469.0,84.83333333333333,0.86,23.02
MOIL-13,4,Vizianagaram,0,0,2024-01-01,9371.0,10011.0,92.5,28.5,7.5,0,26,1,1,8276.0,92.1,21.5,7997.0,87.73333333333333,1.1,24.05
MOIL-13,4,Vizianagaram,0,0,2024-02-01,9209.0,7818.0,88.7,27.2,12.1,0,22,2,1,10011.0,92.5,28.5,8711.333333333334,89.63333333333333,1.24,19.51
MOIL-13,4,Vizianagaram,0,0,2024-03-01,9562.0,8043.0,90.4,21.3,15.6,1,23,3,1,7818.0,88.7,27.2,8701.666666666666,91.10000000000001,0.93,20.79
MOIL-13,4,Vizianagaram,0,0,2024-04-01,9357.0,8328.0,87.4,39.9,18.8,0,24,4,2,8043.0,90.4,21.3,8624.0,90.53333333333335,1.66,20.98
MOIL-13,4,Vizianagaram,0,0,2024-05-01,9224.0,8950.0,92.0,30.1,48.7,0,26,5,2,8328.0,87.4,39.9,8063.0,88.83333333333333,1.16,23.92
MOIL-13,4,Vizianagaram,0,0,2024-06-01,7967.0,6226.0,90.3,29.4,131.8,2,23,6,2,8950.0,92.0,30.1,8440.333333333334,89.93333333333334,1.28,20.77
MOIL-13,4,Vizianagaram,0,0,2024-07-01,7557.0,6353.0,85.8,48.9,265.4,0,26,7,3,6226.0,90.3,29.4,7834.666666666667,89.89999999999999,1.88,22.31
MOIL-13,4,Vizianagaram,0,0,2024-08-01,7372.0,5991.0,77.5,70.5,218.7,0,26,8,3,6353.0,85.8,48.9,7176.333333333333,89.36666666666667,2.71,20.15
MOIL-13,4,Vizianagaram,0,0,2024-09-01,7960.0,6142.0,83.9,49.7,172.2,3,23,9,3,5991.0,77.5,70.5,6190.0,84.53333333333335,2.16,19.3
MOIL-13,4,Vizianagaram,0,0,2024-10-01,9028.0,8267.0,91.1,25.9,56.1,1,26,10,4,6142.0,83.9,49.7,6162.0,82.39999999999999,1.0,23.69
MOIL-13,4,Vizianagaram,0,0,2024-11-01,9717.0,9497.0,90.0,30.5,30.7,0,25,11,4,8267.0,91.1,25.9,6800.0,84.16666666666667,1.22,22.5
MOIL-13,4,Vizianagaram,0,0,2024-12-01,9810.0,9970.0,87.8,30.7,10.5,0,24,12,4,9497.0,90.0,30.5,7968.666666666667,88.33333333333333,1.28,21.07
MOIL-13,4,Vizianagaram,0,0,2025-01-01,9533.0,9988.0,92.5,24.3,7.1,0,26,1,1,9970.0,87.8,30.7,9244.666666666666,89.63333333333333,0.93,24.05
MOIL-13,4,Vizianagaram,0,0,2025-02-01,9718.0,6533.0,90.9,28.9,6.2,4,21,2,1,9988.0,92.5,24.3,9818.333333333334,90.09999999999998,1.38,19.09
MOIL-13,4,Vizianagaram,0,0,2025-03-01,9101.0,9573.0,88.5,30.1,7.9,0,25,3,1,6533.0,90.9,28.9,8830.333333333334,90.39999999999999,1.2,22.12
MOIL-13,4,Vizianagaram,0,0,2025-04-01,9319.0,8268.0,93.6,16.2,18.2,1,24,4,2,9573.0,88.5,30.1,8698.0,90.63333333333333,0.68,22.46
MOIL-13,4,Vizianagaram,0,0,2025-05-01,9679.0,8839.0,92.2,25.3,19.8,0,25,5,2,8268.0,93.6,16.2,8124.666666666667,91.0,1.01,23.05
MOIL-13,4,Vizianagaram,0,0,2025-06-01,8573.0,7658.0,84.7,49.0,104.7,0,23,6,2,8839.0,92.2,25.3,8893.333333333334,91.43333333333334,2.13,19.48
MOIL-13,4,Vizianagaram,0,0,2025-07-01,7989.0,6878.0,82.6,65.0,304.7,1,26,7,3,7658.0,84.7,49.0,8255.0,90.16666666666667,2.5,21.48
MOIL-13,4,Vizianagaram,0,0,2025-08-01,7367.0,5487.0,88.8,38.3,252.1,0,23,8,3,6878.0,82.6,65.0,7791.666666666667,86.5,1.67,20.42
MOIL-13,4,Vizianagaram,0,0,2025-09-01,8325.0,6305.0,83.7,58.3,130.9,2,24,9,3,5487.0,88.8,38.3,6674.333333333333,85.36666666666667,2.43,20.09
MOIL-13,4,Vizianagaram,0,0,2025-10-01,8941.0,7867.0,87.0,41.2,52.2,0,24,10,4,6305.0,83.7,58.3,6223.333333333333,85.03333333333333,1.72,20.88
MOIL-13,4,Vizianagaram,0,0,2025-11-01,9105.0,7686.0,90.0,23.2,22.3,0,23,11,4,7867.0,87.0,41.2,6553.0,86.5,1.01,20.7
MOIL-13,4,Vizianagaram,0,0,2025-12-01,9490.0,8860.0,93.7,21.7,8.0,0,26,12,4,7686.0,90.0,23.2,7286.0,86.89999999999999,0.83,24.36
MOIL-14,7,Vizianagaram,0,0,2022-01-01,7091.0,6288.0,87.6,45.8,5.9,0,24,1,1,5988.771428571428,88.07714285714285,35.79714285714286,5963.661904761904,88.0,1.91,21.02
MOIL-14,7,Vizianagaram,0,0,2022-02-01,6811.0,5897.0,93.0,20.1,11.3,0,23,2,1,6288.0,87.6,45.8,6288.0,87.6,0.87,21.39
MOIL-14,7,Vizianagaram,0,0,2022-03-01,7086.0,6819.0,90.1,37.6,6.4,0,25,3,1,5897.0,93.0,20.1,6092.5,90.3,1.5,22.52
MOIL-14,7,Vizianagaram,0,0,2022-04-01,6589.0,6103.0,89.0,31.4,20.8,0,25,4,2,6819.0,90.1,37.6,6334.666666666667,90.23333333333333,1.26,22.25
MOIL-14,7,Vizianagaram,0,0,2022-05-01,6614.0,5969.0,85.5,53.4,28.3,0,25,5,2,6103.0,89.0,31.4,6273.0,90.7,2.14,21.38
MOIL-14,7,Vizianagaram,0,0,2022-06-01,6315.0,5704.0,83.6,52.0,150.4,0,25,6,2,5969.0,85.5,53.4,6297.0,88.2,2.08,20.9
MOIL-14,7,Vizianagaram,0,0,2022-07-01,5516.0,4087.0,79.1,53.1,277.3,0,25,7,3,5704.0,83.6,52.0,5925.333333333333,86.03333333333335,2.12,19.77
MOIL-14,7,Vizianagaram,0,0,2022-08-01,5631.0,4788.0,86.9,31.8,100.7,2,25,8,3,4087.0,79.1,53.1,5253.333333333333,82.73333333333333,1.27,21.72
MOIL-14,7,Vizianagaram,0,0,2022-09-01,5981.0,5670.0,87.0,43.2,85.1,0,25,9,3,4788.0,86.9,31.8,4859.666666666667,83.2,1.73,21.75
MOIL-14,7,Vizianagaram,0,0,2022-10-01,6540.0,6158.0,88.4,42.1,49.6,0,25,10,4,5670.0,87.0,43.2,4848.333333333333,84.33333333333333,1.68,22.1
MOIL-14,7,Vizianagaram,0,0,2022-11-01,7007.0,5834.0,89.8,25.6,24.9,0,23,11,4,6158.0,88.4,42.1,5538.666666666667,87.43333333333334,1.11,20.65
MOIL-14,7,Vizianagaram,0,0,2022-12-01,6627.0,5705.0,87.7,32.7,3.4,1,24,12,4,5834.0,89.8,25.6,5887.333333333333,88.39999999999999,1.36,21.05
MOIL-14,7,Vizianagaram,0,0,2023-01-01,6994.0,6016.0,88.2,34.4,8.0,0,23,1,1,5705.0,87.7,32.7,5899.0,88.63333333333333,1.5,20.29
MOIL-14,7,Vizianagaram,0,0,2023-02-01,7111.0,5532.0,92.0,17.4,9.6,2,22,2,1,6016.0,88.2,34.4,5851.666666666667,88.56666666666666,0.79,20.24
MOIL-14,7,Vizianagaram,0,0,2023-03-01,6724.0,5639.0,93.0,20.4,17.0,2,25,3,1,5532.0,92.0,17.4,5751.0,89.3,0.82,23.25
MOIL-14,7,Vizianagaram,0,0,2023-04-01,7314.0,6356.0,91.2,20.0,16.9,0,23,4,2,5639.0,93.0,20.4,5729.0,91.06666666666666,0.87,20.98
MOIL-14,7,Vizianagaram,0,0,2023-05-01,7270.0,6587.0,94.9,12.8,28.5,0,26,5,2,6356.0,91.2,20.0,5842.333333333333,92.06666666666668,0.49,24.67
MOIL-14,7,Vizianagaram,0,0,2023-06-01,6373.0,5132.0,85.4,40.3,154.4,3,24,6,2,6587.0,94.9,12.8,6194.0,93.03333333333335,1.68,20.5
MOIL-14,7,Vizianagaram,0,0,2023-07-01,5819.0,4527.0,81.1,61.9,263.6,3,25,7,3,5132.0,85.4,40.3,6025.0,90.5,2.48,20.27
MOIL-14,7,Vizianagaram,0,0,2023-08-01,5889.0,4881.0,81.4,55.1,144.6,0,24,8,3,4527.0,81.1,61.9,5415.333333333333,87.13333333333333,2.3,19.54
MOIL-14,7,Vizianagaram,0,0,2023-09-01,6389.0,5016.0,87.8,38.1,234.1,1,23,9,3,4881.0,81.4,55.1,4846.666666666667,82.63333333333334,1.66,20.19
MOIL-14,7,Vizianagaram,0,0,2023-10-01,6644.0,6049.0,87.8,34.2,24.1,0,25,10,4,5016.0,87.8,38.1,4808.0,83.43333333333334,1.37,21.95
MOIL-14,7,Vizianagaram,0,0,2023-11-01,7416.0,7240.0,91.6,25.0,19.2,0,25,11,4,6049.0,87.8,34.2,5315.333333333333,85.66666666666667,1.0,22.9
MOIL-14,7,Vizianagaram,0,0,2023-12-01,7066.0,7505.0,86.8,45.8,11.3,0,25,12,4,7240.0,91.6,25.0,6101.666666666667,89.06666666666666,1.83,21.7
MOIL-14,7,Vizianagaram,0,0,2024-01-01,7177.0,7774.0,92.2,26.4,5.9,0,26,1,1,7505.0,86.8,45.8,6931.333333333333,88.73333333333333,1.02,23.97
MOIL-14,7,Vizianagaram,0,0,2024-02-01,6975.0,6517.0,89.8,37.3,8.3,0,24,2,1,7774.0,92.2,26.4,7506.333333333333,90.2,1.55,21.55
MOIL-14,7,Vizianagaram,0,0,2024-03-01,7287.0,7128.0,89.2,41.5,13.4,0,25,3,1,6517.0,89.8,37.3,7265.333333333333,89.60000000000001,1.66,22.3
MOIL-14,7,Vizianagaram,0,0,2024-04-01,7168.0,6632.0,90.0,25.4,18.4,2,24,4,2,7128.0,89.2,41.5,7139.666666666667,90.39999999999999,1.06,21.6
MOIL-14,7,Vizianagaram,0,0,2024-05-01,7104.0,7077.0,90.0,34.2,19.7,0,25,5,2,6632.0,90.0,25.4,6759.0,89.66666666666667,1.37,22.5
MOIL-14,7,Vizianagaram,0,0,2024-06-01,6730.0,5898.0,90.5,25.3,48.2,1,23,6,2,7077.0,90.0,34.2,6945.666666666667,89.73333333333333,1.1,20.82
MOIL-14,7,Vizianagaram,0,0,2024-07-01,5848.0,4950.0,81.6,51.1,304.9,0,25,7,3,5898.0,90.5,25.3,6535.666666666667,90.16666666666667,2.04,20.4
MOIL-14,7,Vizianagaram,0,0,2024-08-01,5985.0,5153.0,82.9,48.1,203.0,0,26,8,3,4950.0,81.6,51.1,5975.0,87.36666666666667,1.85,21.55
MOIL-14,7,Vizianagaram,0,0,2024-09-01,6389.0,4921.0,84.9,36.4,203.4,1,24,9,3,5153.0,82.9,48.1,5333.666666666667,85.0,1.52,20.38
MOIL-14,7,Vizianagaram,0,0,2024-10-01,7000.0,6805.0,91.8,29.0,61.8,0,26,10,4,4921.0,84.9,36.4,5008.0,83.13333333333334,1.12,23.87
MOIL-14,7,Vizianagaram,0,0,2024-11-01,7560.0,7250.0,90.9,24.0,22.1,0,24,11,4,6805.0,91.8,29.0,5626.333333333333,86.53333333333335,1.0,21.82
MOIL-14,7,Vizianagaram,0,0,2024-12-01,7197.0,6910.0,84.2,50.5,7.3,0,24,12,4,7250.0,90.9,24.0,6325.333333333333,89.2,2.1,20.21
MOIL-14,7,Vizianagaram,0,0,2025-01-01,7398.0,6531.0,90.2,29.5,6.5,0,24,1,1,6910.0,84.2,50.5,6988.333333333333,88.96666666666665,1.23,21.65
MOIL-14,7,Vizianagaram,0,0,2025-02-01,7417.0,5718.0,90.7,31.1,8.5,2,23,2,1,6531.0,90.2,29.5,6897.0,88.43333333333334,1.35,20.86
MOIL-14,7,Vizianagaram,0,0,2025-03-01,7944.0,7222.0,92.2,24.0,10.4,0,23,3,1,5718.0,90.7,31.1,6386.333333333333,88.36666666666667,1.04,21.21
MOIL-14,7,Vizianagaram,0,0,2025-04-01,7702.0,7023.0,90.5,24.8,2.0,0,25,4,2,7222.0,92.2,24.0,6490.333333333333,91.03333333333335,0.99,22.62
MOIL-14,7,Vizianagaram,0,0,2025-05-01,7154.0,6909.0,87.8,38.2,25.5,0,26,5,2,7023.0,90.5,24.8,6654.333333333333,91.13333333333334,1.47,22.83
MOIL-14,7,Vizianagaram,0,0,2025-06-01,6559.0,5258.0,85.0,53.3,154.2,0,23,6,2,6909.0,87.8,38.2,7051.333333333333,90.16666666666667,2.32,19.55
MOIL-14,7,Vizianagaram,0,0,2025-07-01,5864.0,4721.0,86.6,34.5,231.8,0,26,7,3,5258.0,85.0,53.3,6396.666666666667,87.76666666666667,1.33,22.52
MOIL-14,7,Vizianagaram,0,0,2025-08-01,5992.0,4740.0,77.5,55.7,268.0,0,25,8,3,4721.0,86.6,34.5,5629.333333333333,86.46666666666665,2.23,19.38
MOIL-14,7,Vizianagaram,0,0,2025-09-01,6189.0,4911.0,83.5,40.9,179.7,3,25,9,3,4740.0,77.5,55.7,4906.333333333333,83.03333333333333,1.64,20.88
MOIL-14,7,Vizianagaram,0,0,2025-10-01,6817.0,6726.0,85.9,57.8,38.5,0,26,10,4,4911.0,83.5,40.9,4790.666666666667,82.53333333333333,2.22,22.33
MOIL-14,7,Vizianagaram,0,0,2025-11-01,7158.0,6201.0,89.2,33.5,18.2,0,23,11,4,6726.0,85.9,57.8,5459.0,82.3,1.46,20.52
MOIL-14,7,Vizianagaram,0,0,2025-12-01,7579.0,6348.0,91.5,20.6,9.3,2,24,12,4,6201.0,89.2,33.5,5946.0,86.2,0.86,21.96
