Mine_ID,Mine_Name,District,State,Mine_Type,Date,Production_Target_Tonnes,Actual_Production_Tonnes,Predicted_Production_Tonnes,Prediction_Error_Tonnes,Absolute_Error_Tonnes,Predicted_Shortfall_Tonnes,Shortfall_Pct,Predicted_Surplus_Tonnes,Risk_Level,Top_Driver,Equipment_Availability_Pct,Equipment_Downtime_Hours,Rainfall_mm,Blasting_Delay_Days,Working_Days,Actionable_Recommendation
MOIL-01,Dongri Buzurg Mine,Bhandara,Maharashtra,Underground,2025-01,32543.0,30076.0,28838.5,1237.5,1237.5,3704.5,11.38,0.0,MEDIUM,Operational Capacity,90.5,34.4,6.7,0,24,Moderate shortfall anticipated. Review operational workflow and monitor weekly output closely.
MOIL-01,Dongri Buzurg Mine,Bhandara,Maharashtra,Underground,2025-02,31521.0,21094.0,25025.8,-3931.8,3931.8,6495.2,20.61,0.0,HIGH,Blasting Delays,89.0,29.3,14.8,4,22,"Blasting delays (4 days): Review statutory clearances, explosive magazine logistics, and sequence planning."
MOIL-01,Dongri Buzurg Mine,Bhandara,Maharashtra,Underground,2025-03,32884.0,28229.0,28412.0,-183.0,183.0,4472.0,13.6,0.0,MEDIUM,Operational Capacity,88.8,33.5,15.4,0,24,Moderate shortfall anticipated. Review operational workflow and monitor weekly output closely.
MOIL-01,Dongri Buzurg Mine,Bhandara,Maharashtra,Underground,2025-04,31792.0,29644.0,28654.7,989.3,989.3,3137.3,9.87,0.0,MEDIUM,Low Equipment Availability,84.9,49.5,23.1,0,25,Low equipment availability (84.9%): Expedite fleet inspection and consider machinery redeployment.
MOIL-01,Dongri Buzurg Mine,Bhandara,Maharashtra,Underground,2025-05,31376.0,27863.0,27075.4,787.6,787.6,4300.6,13.71,0.0,MEDIUM,Blasting Delays,85.3,37.7,38.6,3,25,"Blasting delays (3 days): Review statutory clearances, explosive magazine logistics, and sequence planning."
MOIL-01,Dongri Buzurg Mine,Bhandara,Maharashtra,Underground,2025-06,29208.0,20094.0,23395.1,-3301.1,3301.1,5812.9,19.9,0.0,HIGH,Low Equipment Availability,77.1,51.1,158.5,0,22,"Low equipment availability (77.1%): Expedite fleet inspection and consider machinery redeployment. | Severe weather impact (158.5 mm rain): Activate monsoon SOPs, ensure pit dewatering pumps readiness, and reinforce haul roads."
MOIL-01,Dongri Buzurg Mine,Bhandara,Maharashtra,Underground,2025-07,26584.0,21371.0,21968.8,-597.8,597.8,4615.2,17.36,0.0,HIGH,Low Equipment Availability,78.6,55.4,278.7,1,26,"Low equipment availability (78.6%): Expedite fleet inspection and consider machinery redeployment. | Severe weather impact (278.7 mm rain): Activate monsoon SOPs, ensure pit dewatering pumps readiness, and reinforce haul roads."
MOIL-01,Dongri Buzurg Mine,Bhandara,Maharashtra,Underground,2025-08,25451.0,20312.0,21089.5,-777.5,777.5,4361.5,17.14,0.0,HIGH,Low Equipment Availability,80.3,49.6,286.1,0,25,"Low equipment availability (80.3%): Expedite fleet inspection and consider machinery redeployment. | Severe weather impact (286.1 mm rain): Activate monsoon SOPs, ensure pit dewatering pumps readiness, and reinforce haul roads."
MOIL-01,Dongri Buzurg Mine,Bhandara,Maharashtra,Underground,2025-09,29955.0,23443.0,25041.0,-1598.0,1598.0,4914.0,16.4,0.0,HIGH,Heavy Rainfall,86.7,49.1,169.5,1,24,"Severe weather impact (169.5 mm rain): Activate monsoon SOPs, ensure pit dewatering pumps readiness, and reinforce haul roads."
MOIL-01,Dongri Buzurg Mine,Bhandara,Maharashtra,Underground,2025-10,30345.0,30840.0,27551.5,3288.5,3288.5,2793.5,9.21,0.0,MEDIUM,Low Equipment Availability,84.7,63.0,43.0,0,26,Low equipment availability (84.7%): Expedite fleet inspection and consider machinery redeployment. | High equipment downtime (63 hrs): Prioritize preventive maintenance and ensure critical spare parts buffer.
MOIL-01,Dongri Buzurg Mine,Bhandara,Maharashtra,Underground,2025-11,30612.0,29448.0,27301.0,2147.0,2147.0,3311.0,10.82,0.0,MEDIUM,Operational Capacity,89.9,37.4,28.6,0,24,Moderate shortfall anticipated. Review operational workflow and monitor weekly output closely.
MOIL-01,Dongri Buzurg Mine,Bhandara,Maharashtra,Underground,2025-12,33018.0,30600.0,29487.8,1112.2,1112.2,3530.2,10.69,0.0,MEDIUM,Low Equipment Availability,81.9,71.5,9.3,0,25,Low equipment availability (81.9%): Expedite fleet inspection and consider machinery redeployment. | High equipment downtime (72 hrs): Prioritize preventive maintenance and ensure critical spare parts buffer.
MOIL-02,Gumgaon Mine,Nagpur,Maharashtra,Underground,2025-01,23961.0,22959.0,22576.0,383.0,383.0,1385.0,5.78,0.0,MEDIUM,Operational Capacity,92.1,32.2,3.8,0,26,Moderate shortfall anticipated. Review operational workflow and monitor weekly output closely.
MOIL-02,Gumgaon Mine,Nagpur,Maharashtra,Underground,2025-02,23764.0,18822.0,19414.4,-592.4,592.4,4349.6,18.3,0.0,HIGH,Blasting Delays,93.5,16.8,11.8,3,23,"Blasting delays (3 days): Review statutory clearances, explosive magazine logistics, and sequence planning."
MOIL-02,Gumgaon Mine,Nagpur,Maharashtra,Underground,2025-03,23489.0,21386.0,20542.2,843.8,843.8,2946.8,12.55,0.0,MEDIUM,Operational Capacity,88.7,37.3,8.9,0,24,Moderate shortfall anticipated. Review operational workflow and monitor weekly output closely.
MOIL-02,Gumgaon Mine,Nagpur,Maharashtra,Underground,2025-04,22475.0,17863.0,18736.3,-873.3,873.3,3738.7,16.63,0.0,HIGH,Low Equipment Availability,81.5,55.0,22.6,1,23,Low equipment availability (81.5%): Expedite fleet inspection and consider machinery redeployment.
MOIL-02,Gumgaon Mine,Nagpur,Maharashtra,Underground,2025-05,23699.0,21026.0,21748.8,-722.8,722.8,1950.2,8.23,0.0,MEDIUM,Low Equipment Availability,82.8,53.1,29.6,0,26,Low equipment availability (82.8%): Expedite fleet inspection and consider machinery redeployment.
MOIL-02,Gumgaon Mine,Nagpur,Maharashtra,Underground,2025-06,20602.0,16571.0,16574.0,-3.0,3.0,4028.0,19.55,0.0,HIGH,Low Equipment Availability,81.2,55.2,188.3,0,23,"Low equipment availability (81.2%): Expedite fleet inspection and consider machinery redeployment. | Severe weather impact (188.3 mm rain): Activate monsoon SOPs, ensure pit dewatering pumps readiness, and reinforce haul roads."
MOIL-02,Gumgaon Mine,Nagpur,Maharashtra,Underground,2025-07,19073.0,14098.0,14812.7,-714.7,714.7,4260.3,22.34,0.0,HIGH,Low Equipment Availability,79.6,65.7,292.6,3,26,"Low equipment availability (79.6%): Expedite fleet inspection and consider machinery redeployment. | High equipment downtime (66 hrs): Prioritize preventive maintenance and ensure critical spare parts buffer. | Blasting delays (3 days): Review statutory clearances, explosive magazine logistics, and sequence planning. | Severe weather impact (292.6 mm rain): Activate monsoon SOPs, ensure pit dewatering pumps readiness, and reinforce haul roads."
MOIL-02,Gumgaon Mine,Nagpur,Maharashtra,Underground,2025-08,18507.0,14714.0,14465.4,248.6,248.6,4041.6,21.84,0.0,HIGH,Low Equipment Availability,75.5,80.0,334.4,0,25,"Low equipment availability (75.5%): Expedite fleet inspection and consider machinery redeployment. | High equipment downtime (80 hrs): Prioritize preventive maintenance and ensure critical spare parts buffer. | Severe weather impact (334.4 mm rain): Activate monsoon SOPs, ensure pit dewatering pumps readiness, and reinforce haul roads."
MOIL-02,Gumgaon Mine,Nagpur,Maharashtra,Underground,2025-09,20805.0,17225.0,17434.3,-209.3,209.3,3370.7,16.2,0.0,HIGH,Low Equipment Availability,82.9,47.1,229.6,0,25,"Low equipment availability (82.9%): Expedite fleet inspection and consider machinery redeployment. | Severe weather impact (229.6 mm rain): Activate monsoon SOPs, ensure pit dewatering pumps readiness, and reinforce haul roads."
MOIL-02,Gumgaon Mine,Nagpur,Maharashtra,Underground,2025-10,22849.0,21496.0,20980.6,515.4,515.4,1868.4,8.18,0.0,MEDIUM,Low Equipment Availability,83.8,65.4,67.2,0,26,Low equipment availability (83.8%): Expedite fleet inspection and consider machinery redeployment. | High equipment downtime (65 hrs): Prioritize preventive maintenance and ensure critical spare parts buffer.
MOIL-02,Gumgaon Mine,Nagpur,Maharashtra,Underground,2025-11,23033.0,18953.0,19724.7,-771.7,771.7,3308.3,14.36,0.0,MEDIUM,Operational Capacity,89.7,23.3,22.1,0,23,Moderate shortfall anticipated. Review operational workflow and monitor weekly output closely.
MOIL-02,Gumgaon Mine,Nagpur,Maharashtra,Underground,2025-12,23030.0,21684.0,20674.0,1010.0,1010.0,2356.0,10.23,0.0,MEDIUM,Operational Capacity,86.4,44.4,13.2,0,25,Moderate shortfall anticipated. Review operational workflow and monitor weekly output closely.
MOIL-03,Kandri Mine,Nagpur,Maharashtra,Opencast,2025-01,19677.0,19402.0,18563.7,838.3,838.3,1113.3,5.66,0.0,MEDIUM,Operational Capacity,90.9,22.3,9.9,0,25,Moderate shortfall anticipated. Review operational workflow and monitor weekly output closely.
MOIL-03,Kandri Mine,Nagpur,Maharashtra,Opencast,2025-02,18673.0,13323.0,13930.0,-607.0,607.0,4743.0,25.4,0.0,HIGH,Blasting Delays,90.9,32.0,16.9,5,22,"Blasting delays (5 days): Review statutory clearances, explosive magazine logistics, and sequence planning."
MOIL-03,Kandri Mine,Nagpur,Maharashtra,Opencast,2025-03,19645.0,17633.0,16791.1,841.9,841.9,2853.9,14.53,0.0,MEDIUM,Operational Capacity,91.4,24.1,21.1,0,23,Moderate shortfall anticipated. Review operational workflow and monitor weekly output closely.
MOIL-03,Kandri Mine,Nagpur,Maharashtra,Opencast,2025-04,18525.0,15487.0,16855.3,-1368.3,1368.3,1669.7,9.01,0.0,MEDIUM,Operational Capacity,90.4,22.2,26.9,0,24,Moderate shortfall anticipated. Review operational workflow and monitor weekly output closely.
MOIL-03,Kandri Mine,Nagpur,Maharashtra,Opencast,2025-05,19967.0,18923.0,18644.0,279.0,279.0,1323.0,6.63,0.0,MEDIUM,Low Equipment Availability,83.5,51.4,26.3,1,26,Low equipment availability (83.5%): Expedite fleet inspection and consider machinery redeployment.
MOIL-03,Kandri Mine,Nagpur,Maharashtra,Opencast,2025-06,16780.0,13557.0,12645.8,911.2,911.2,4134.2,24.64,0.0,HIGH,Low Equipment Availability,83.0,44.1,149.3,2,22,"Low equipment availability (83.0%): Expedite fleet inspection and consider machinery redeployment. | Blasting delays (2 days): Review statutory clearances, explosive magazine logistics, and sequence planning."
MOIL-03,Kandri Mine,Nagpur,Maharashtra,Opencast,2025-07,15674.0,12823.0,12421.8,401.2,401.2,3252.2,20.75,0.0,HIGH,Low Equipment Availability,83.9,39.1,327.6,1,25,"Low equipment availability (83.9%): Expedite fleet inspection and consider machinery redeployment. | Severe weather impact (327.6 mm rain): Activate monsoon SOPs, ensure pit dewatering pumps readiness, and reinforce haul roads."
MOIL-03,Kandri Mine,Nagpur,Maharashtra,Opencast,2025-08,14732.0,11235.0,12073.9,-838.9,838.9,2658.1,18.04,0.0,HIGH,Low Equipment Availability,82.0,52.0,295.9,0,25,"Low equipment availability (82.0%): Expedite fleet inspection and consider machinery redeployment. | Severe weather impact (295.9 mm rain): Activate monsoon SOPs, ensure pit dewatering pumps readiness, and reinforce haul roads."
MOIL-03,Kandri Mine,Nagpur,Maharashtra,Opencast,2025-09,16847.0,14350.0,14958.4,-608.4,608.4,1888.6,11.21,0.0,MEDIUM,Operational Capacity,89.2,29.1,143.0,0,25,Moderate shortfall anticipated. Review operational workflow and monitor weekly output closely.
MOIL-03,Kandri Mine,Nagpur,Maharashtra,Opencast,2025-10,18424.0,18304.0,17715.5,588.5,588.5,708.5,3.85,0.0,LOW,Operational Capacity,89.9,38.8,49.8,0,26,Moderate shortfall anticipated. Review operational workflow and monitor weekly output closely.
MOIL-03,Kandri Mine,Nagpur,Maharashtra,Opencast,2025-11,19701.0,14644.0,16002.7,-1358.7,1358.7,3698.3,18.77,0.0,HIGH,Blasting Delays,91.2,21.4,32.5,2,22,"Blasting delays (2 days): Review statutory clearances, explosive magazine logistics, and sequence planning."
MOIL-03,Kandri Mine,Nagpur,Maharashtra,Opencast,2025-12,18777.0,17888.0,17515.5,372.5,372.5,1261.5,6.72,0.0,MEDIUM,Operational Capacity,92.4,23.4,8.3,0,25,Moderate shortfall anticipated. Review operational workflow and monitor weekly output closely.
MOIL-04,Munsar Mine,Nagpur,Maharashtra,Opencast,2025-01,12299.0,10365.0,11880.4,-1515.4,1515.4,418.6,3.4,0.0,LOW,Operational Capacity,89.4,28.6,10.1,0,25,Moderate shortfall anticipated. Review operational workflow and monitor weekly output closely.
MOIL-04,Munsar Mine,Nagpur,Maharashtra,Opencast,2025-02,12555.0,10331.0,10540.5,-209.5,209.5,2014.5,16.05,0.0,HIGH,Blasting Delays,95.0,16.7,10.9,2,23,"Blasting delays (2 days): Review statutory clearances, explosive magazine logistics, and sequence planning."
MOIL-04,Munsar Mine,Nagpur,Maharashtra,Opencast,2025-03,12417.0,11793.0,12026.6,-233.6,233.6,390.4,3.14,0.0,LOW,Operational Capacity,89.4,29.6,14.6,0,25,Moderate shortfall anticipated. Review operational workflow and monitor weekly output closely.
MOIL-04,Munsar Mine,Nagpur,Maharashtra,Opencast,2025-04,12715.0,11951.0,12398.5,-447.5,447.5,316.5,2.49,0.0,LOW,Operational Capacity,88.4,29.0,18.6,0,25,Moderate shortfall anticipated. Review operational workflow and monitor weekly output closely.
MOIL-04,Munsar Mine,Nagpur,Maharashtra,Opencast,2025-05,12973.0,12579.0,13148.4,-569.4,569.4,0.0,0.0,175.4,LOW,Operational Capacity,89.2,38.9,41.4,0,26,Production on track to meet/exceed target. Maintain standard operating procedures and preventive maintenance schedule.
MOIL-04,Munsar Mine,Nagpur,Maharashtra,Opencast,2025-06,10742.0,9039.0,8486.7,552.3,552.3,2255.3,20.99,0.0,HIGH,Low Equipment Availability,84.5,38.7,156.2,0,23,"Low equipment availability (84.5%): Expedite fleet inspection and consider machinery redeployment. | Severe weather impact (156.2 mm rain): Activate monsoon SOPs, ensure pit dewatering pumps readiness, and reinforce haul roads."
MOIL-04,Munsar Mine,Nagpur,Maharashtra,Opencast,2025-07,10542.0,10399.0,9574.5,824.5,824.5,967.5,9.18,0.0,MEDIUM,Low Equipment Availability,84.9,44.0,223.4,0,26,"Low equipment availability (84.9%): Expedite fleet inspection and consider machinery redeployment. | Severe weather impact (223.4 mm rain): Activate monsoon SOPs, ensure pit dewatering pumps readiness, and reinforce haul roads."
MOIL-04,Munsar Mine,Nagpur,Maharashtra,Opencast,2025-08,10207.0,8675.0,8309.2,365.8,365.8,1897.8,18.59,0.0,HIGH,Low Equipment Availability,81.0,59.5,305.1,0,25,"Low equipment availability (81.0%): Expedite fleet inspection and consider machinery redeployment. | Severe weather impact (305.1 mm rain): Activate monsoon SOPs, ensure pit dewatering pumps readiness, and reinforce haul roads."
MOIL-04,Munsar Mine,Nagpur,Maharashtra,Opencast,2025-09,10961.0,8611.0,8527.5,83.5,83.5,2433.5,22.2,0.0,HIGH,Low Equipment Availability,83.6,50.7,274.1,0,24,"Low equipment availability (83.6%): Expedite fleet inspection and consider machinery redeployment. | Severe weather impact (274.1 mm rain): Activate monsoon SOPs, ensure pit dewatering pumps readiness, and reinforce haul roads."
MOIL-04,Munsar Mine,Nagpur,Maharashtra,Opencast,2025-10,11807.0,9108.0,10126.1,-1018.1,1018.1,1680.9,14.24,0.0,MEDIUM,Blasting Delays,93.5,21.8,52.0,4,26,"Blasting delays (4 days): Review statutory clearances, explosive magazine logistics, and sequence planning."
MOIL-04,Munsar Mine,Nagpur,Maharashtra,Opencast,2025-11,12828.0,10801.0,10348.1,452.9,452.9,2479.9,19.33,0.0,HIGH,Operational Capacity,87.8,35.0,24.6,0,22,Moderate shortfall anticipated. Review operational workflow and monitor weekly output closely.
MOIL-04,Munsar Mine,Nagpur,Maharashtra,Opencast,2025-12,12202.0,12404.0,11380.8,1023.2,1023.2,821.2,6.73,0.0,MEDIUM,Operational Capacity,90.3,26.6,8.6,0,24,Moderate shortfall anticipated. Review operational workflow and monitor weekly output closely.
MOIL-05,Chikla Mine,Bhandara,Maharashtra,Underground,2025-01,15875.0,15011.0,14996.4,14.6,14.6,878.6,5.53,0.0,MEDIUM,Low Equipment Availability,79.7,70.2,8.5,0,26,Low equipment availability (79.7%): Expedite fleet inspection and consider machinery redeployment. | High equipment downtime (70 hrs): Prioritize preventive maintenance and ensure critical spare parts buffer.
MOIL-05,Chikla Mine,Bhandara,Maharashtra,Underground,2025-02,15832.0,11750.0,12477.7,-727.7,727.7,3354.3,21.19,0.0,HIGH,Operational Capacity,86.4,43.0,16.5,0,21,Reduced working days (21 days): Plan compensatory shifts or overtime to recover production loss.
MOIL-05,Chikla Mine,Bhandara,Maharashtra,Underground,2025-03,16415.0,14206.0,13821.4,384.6,384.6,2593.6,15.8,0.0,HIGH,Operational Capacity,86.3,46.1,22.3,1,24,Moderate shortfall anticipated. Review operational workflow and monitor weekly output closely.
MOIL-05,Chikla Mine,Bhandara,Maharashtra,Underground,2025-04,16222.0,15920.0,14751.6,1168.4,1168.4,1470.4,9.06,0.0,MEDIUM,Operational Capacity,88.5,30.2,22.6,0,25,Moderate shortfall anticipated. Review operational workflow and monitor weekly output closely.
MOIL-05,Chikla Mine,Bhandara,Maharashtra,Underground,2025-05,15596.0,14110.0,14257.3,-147.3,147.3,1338.7,8.58,0.0,MEDIUM,Blasting Delays,90.2,32.4,38.1,2,26,"Blasting delays (2 days): Review statutory clearances, explosive magazine logistics, and sequence planning."
MOIL-05,Chikla Mine,Bhandara,Maharashtra,Underground,2025-06,14266.0,10859.0,9568.6,1290.4,1290.4,4697.4,32.93,0.0,HIGH,Low Equipment Availability,83.7,41.3,173.9,2,22,"Low equipment availability (83.7%): Expedite fleet inspection and consider machinery redeployment. | Blasting delays (2 days): Review statutory clearances, explosive magazine logistics, and sequence planning. | Severe weather impact (173.9 mm rain): Activate monsoon SOPs, ensure pit dewatering pumps readiness, and reinforce haul roads."
MOIL-05,Chikla Mine,Bhandara,Maharashtra,Underground,2025-07,12650.0,10642.0,10622.9,19.1,19.1,2027.1,16.02,0.0,HIGH,Low Equipment Availability,80.7,57.2,268.7,0,26,"Low equipment availability (80.7%): Expedite fleet inspection and consider machinery redeployment. | Severe weather impact (268.7 mm rain): Activate monsoon SOPs, ensure pit dewatering pumps readiness, and reinforce haul roads."
MOIL-05,Chikla Mine,Bhandara,Maharashtra,Underground,2025-08,12845.0,9486.0,11008.1,-1522.1,1522.1,1836.9,14.3,0.0,MEDIUM,Low Equipment Availability,81.0,56.5,129.7,0,25,Low equipment availability (81.0%): Expedite fleet inspection and consider machinery redeployment.
MOIL-05,Chikla Mine,Bhandara,Maharashtra,Underground,2025-09,14098.0,12481.0,11436.6,1044.4,1044.4,2661.4,18.88,0.0,HIGH,Low Equipment Availability,83.4,56.5,159.2,0,24,"Low equipment availability (83.4%): Expedite fleet inspection and consider machinery redeployment. | Severe weather impact (159.2 mm rain): Activate monsoon SOPs, ensure pit dewatering pumps readiness, and reinforce haul roads."
MOIL-05,Chikla Mine,Bhandara,Maharashtra,Underground,2025-10,15092.0,13387.0,13954.2,-567.2,567.2,1137.8,7.54,0.0,MEDIUM,Low Equipment Availability,81.5,50.3,56.7,0,26,Low equipment availability (81.5%): Expedite fleet inspection and consider machinery redeployment.
MOIL-05,Chikla Mine,Bhandara,Maharashtra,Underground,2025-11,15514.0,13500.0,13118.5,381.5,381.5,2395.5,15.44,0.0,HIGH,Operational Capacity,87.5,27.7,23.0,0,23,Moderate shortfall anticipated. Review operational workflow and monitor weekly output closely.
MOIL-05,Chikla Mine,Bhandara,Maharashtra,Underground,2025-12,15601.0,14596.0,14403.9,192.1,192.1,1197.1,7.67,0.0,MEDIUM,Operational Capacity,90.1,37.9,8.0,0,25,Moderate shortfall anticipated. Review operational workflow and monitor weekly output closely.
MOIL-06,Beldongri Mine,Nagpur,Maharashtra,Underground,2025-01,10935.0,11570.0,10865.9,704.1,704.1,69.1,0.63,0.0,LOW,Operational Capacity,86.5,54.9,7.1,0,26,Moderate shortfall anticipated. Review operational workflow and monitor weekly output closely.
MOIL-06,Beldongri Mine,Nagpur,Maharashtra,Underground,2025-02,10313.0,8612.0,8755.4,-143.4,143.4,1557.6,15.1,0.0,HIGH,Low Equipment Availability,84.1,45.2,10.5,0,23,Low equipment availability (84.1%): Expedite fleet inspection and consider machinery redeployment.
MOIL-06,Beldongri Mine,Nagpur,Maharashtra,Underground,2025-03,10151.0,8448.0,8903.5,-455.5,455.5,1247.5,12.29,0.0,MEDIUM,Operational Capacity,85.2,43.7,20.7,0,24,Moderate shortfall anticipated. Review operational workflow and monitor weekly output closely.
MOIL-06,Beldongri Mine,Nagpur,Maharashtra,Underground,2025-04,10621.0,9617.0,9415.2,201.8,201.8,1205.8,11.35,0.0,MEDIUM,Operational Capacity,87.6,41.7,19.4,1,25,Moderate shortfall anticipated. Review operational workflow and monitor weekly output closely.
MOIL-06,Beldongri Mine,Nagpur,Maharashtra,Underground,2025-05,10843.0,7530.0,8015.1,-485.1,485.1,2827.9,26.08,0.0,HIGH,Blasting Delays,91.0,25.5,49.6,5,25,"Blasting delays (5 days): Review statutory clearances, explosive magazine logistics, and sequence planning."
MOIL-06,Beldongri Mine,Nagpur,Maharashtra,Underground,2025-06,9411.0,7170.0,6950.5,219.5,219.5,2460.5,26.14,0.0,HIGH,Low Equipment Availability,80.4,62.8,221.7,0,24,"Low equipment availability (80.4%): Expedite fleet inspection and consider machinery redeployment. | High equipment downtime (63 hrs): Prioritize preventive maintenance and ensure critical spare parts buffer. | Severe weather impact (221.7 mm rain): Activate monsoon SOPs, ensure pit dewatering pumps readiness, and reinforce haul roads."
MOIL-06,Beldongri Mine,Nagpur,Maharashtra,Underground,2025-07,8649.0,7110.0,7750.6,-640.6,640.6,898.4,10.39,0.0,MEDIUM,Low Equipment Availability,80.8,60.7,172.8,0,26,"Low equipment availability (80.8%): Expedite fleet inspection and consider machinery redeployment. | High equipment downtime (61 hrs): Prioritize preventive maintenance and ensure critical spare parts buffer. | Severe weather impact (172.8 mm rain): Activate monsoon SOPs, ensure pit dewatering pumps readiness, and reinforce haul roads."
MOIL-06,Beldongri Mine,Nagpur,Maharashtra,Underground,2025-08,8348.0,6000.0,5774.5,225.5,225.5,2573.5,30.83,0.0,HIGH,Low Equipment Availability,74.6,75.5,250.8,0,24,"Low equipment availability (74.6%): Expedite fleet inspection and consider machinery redeployment. | High equipment downtime (76 hrs): Prioritize preventive maintenance and ensure critical spare parts buffer. | Severe weather impact (250.8 mm rain): Activate monsoon SOPs, ensure pit dewatering pumps readiness, and reinforce haul roads."
MOIL-06,Beldongri Mine,Nagpur,Maharashtra,Underground,2025-09,9093.0,7709.0,7214.4,494.6,494.6,1878.6,20.66,0.0,HIGH,Operational Capacity,85.6,37.6,128.6,0,24,Moderate shortfall anticipated. Review operational workflow and monitor weekly output closely.
MOIL-06,Beldongri Mine,Nagpur,Maharashtra,Underground,2025-10,10142.0,9439.0,9197.2,241.8,241.8,944.8,9.32,0.0,MEDIUM,Operational Capacity,85.3,57.7,60.1,0,25,Moderate shortfall anticipated. Review operational workflow and monitor weekly output closely.
MOIL-06,Beldongri Mine,Nagpur,Maharashtra,Underground,2025-11,10371.0,8916.0,8469.5,446.5,446.5,1901.5,18.33,0.0,HIGH,Operational Capacity,87.6,40.9,16.2,0,23,Moderate shortfall anticipated. Review operational workflow and monitor weekly output closely.
MOIL-06,Beldongri Mine,Nagpur,Maharashtra,Underground,2025-12,10186.0,9640.0,9433.0,207.0,207.0,753.0,7.39,0.0,MEDIUM,Low Equipment Availability,84.6,59.0,11.9,0,25,Low equipment availability (84.6%): Expedite fleet inspection and consider machinery redeployment.
MOIL-07,Balaghat Mine,Balaghat,Madhya Pradesh,Underground,2025-01,29361.0,27248.0,26313.0,935.0,935.0,3048.0,10.38,0.0,MEDIUM,Low Equipment Availability,83.1,42.3,7.4,0,25,Low equipment availability (83.1%): Expedite fleet inspection and consider machinery redeployment.
MOIL-07,Balaghat Mine,Balaghat,Madhya Pradesh,Underground,2025-02,29917.0,24300.0,26094.8,-1794.8,1794.8,3822.2,12.78,0.0,MEDIUM,Operational Capacity,91.1,21.4,10.9,0,23,Moderate shortfall anticipated. Review operational workflow and monitor weekly output closely.
MOIL-07,Balaghat Mine,Balaghat,Madhya Pradesh,Underground,2025-03,28684.0,24391.0,25384.9,-993.9,993.9,3299.1,11.5,0.0,MEDIUM,Low Equipment Availability,81.7,57.4,16.8,0,25,Low equipment availability (81.7%): Expedite fleet inspection and consider machinery redeployment.
MOIL-07,Balaghat Mine,Balaghat,Madhya Pradesh,Underground,2025-04,30357.0,25392.0,26480.6,-1088.6,1088.6,3876.4,12.77,0.0,MEDIUM,Operational Capacity,85.8,44.5,27.7,0,24,Moderate shortfall anticipated. Review operational workflow and monitor weekly output closely.
MOIL-07,Balaghat Mine,Balaghat,Madhya Pradesh,Underground,2025-05,29451.0,30698.0,27077.7,3620.3,3620.3,2373.3,8.06,0.0,MEDIUM,Operational Capacity,92.1,30.7,39.7,0,26,Moderate shortfall anticipated. Review operational workflow and monitor weekly output closely.
MOIL-07,Balaghat Mine,Balaghat,Madhya Pradesh,Underground,2025-06,27484.0,22518.0,23490.6,-972.6,972.6,3993.4,14.53,0.0,MEDIUM,Heavy Rainfall,88.7,34.5,192.8,0,24,"Severe weather impact (192.8 mm rain): Activate monsoon SOPs, ensure pit dewatering pumps readiness, and reinforce haul roads."
MOIL-07,Balaghat Mine,Balaghat,Madhya Pradesh,Underground,2025-07,23283.0,18894.0,18892.8,1.2,1.2,4390.2,18.86,0.0,HIGH,Low Equipment Availability,84.3,44.7,250.2,1,25,"Low equipment availability (84.3%): Expedite fleet inspection and consider machinery redeployment. | Severe weather impact (250.2 mm rain): Activate monsoon SOPs, ensure pit dewatering pumps readiness, and reinforce haul roads."
MOIL-07,Balaghat Mine,Balaghat,Madhya Pradesh,Underground,2025-08,24748.0,20088.0,19960.7,127.3,127.3,4787.3,19.34,0.0,HIGH,Low Equipment Availability,80.5,49.5,332.3,0,25,"Low equipment availability (80.5%): Expedite fleet inspection and consider machinery redeployment. | Severe weather impact (332.3 mm rain): Activate monsoon SOPs, ensure pit dewatering pumps readiness, and reinforce haul roads."
MOIL-07,Balaghat Mine,Balaghat,Madhya Pradesh,Underground,2025-09,26367.0,21677.0,22444.7,-767.7,767.7,3922.3,14.88,0.0,MEDIUM,Low Equipment Availability,81.7,51.2,158.3,1,25,"Low equipment availability (81.7%): Expedite fleet inspection and consider machinery redeployment. | Severe weather impact (158.3 mm rain): Activate monsoon SOPs, ensure pit dewatering pumps readiness, and reinforce haul roads."
MOIL-07,Balaghat Mine,Balaghat,Madhya Pradesh,Underground,2025-10,27976.0,25056.0,25384.4,-328.4,328.4,2591.6,9.26,0.0,MEDIUM,Low Equipment Availability,84.9,49.9,83.3,0,26,Low equipment availability (84.9%): Expedite fleet inspection and consider machinery redeployment.
MOIL-07,Balaghat Mine,Balaghat,Madhya Pradesh,Underground,2025-11,31309.0,23930.0,26773.5,-2843.5,2843.5,4535.5,14.49,0.0,MEDIUM,Low Equipment Availability,80.6,47.2,12.7,0,23,Low equipment availability (80.6%): Expedite fleet inspection and consider machinery redeployment.
MOIL-07,Balaghat Mine,Balaghat,Madhya Pradesh,Underground,2025-12,28748.0,27258.0,25777.6,1480.4,1480.4,2970.4,10.33,0.0,MEDIUM,Operational Capacity,85.2,47.6,15.5,0,25,Moderate shortfall anticipated. Review operational workflow and monitor weekly output closely.
MOIL-08,Tirodi Mine,Balaghat,Madhya Pradesh,Opencast,2025-01,21598.0,18704.0,19170.8,-466.8,466.8,2427.2,11.24,0.0,MEDIUM,Blasting Delays,91.6,30.6,11.3,3,25,"Blasting delays (3 days): Review statutory clearances, explosive magazine logistics, and sequence planning."
MOIL-08,Tirodi Mine,Balaghat,Madhya Pradesh,Opencast,2025-02,22213.0,18931.0,19641.0,-710.0,710.0,2572.0,11.58,0.0,MEDIUM,Operational Capacity,92.7,22.6,15.4,0,23,Moderate shortfall anticipated. Review operational workflow and monitor weekly output closely.
MOIL-08,Tirodi Mine,Balaghat,Madhya Pradesh,Opencast,2025-03,20715.0,19764.0,18798.0,966.0,966.0,1917.0,9.25,0.0,MEDIUM,Operational Capacity,92.2,20.8,14.1,0,24,Moderate shortfall anticipated. Review operational workflow and monitor weekly output closely.
MOIL-08,Tirodi Mine,Balaghat,Madhya Pradesh,Opencast,2025-04,19931.0,18075.0,18203.7,-128.7,128.7,1727.3,8.67,0.0,MEDIUM,Operational Capacity,89.1,40.7,17.3,0,24,Moderate shortfall anticipated. Review operational workflow and monitor weekly output closely.
MOIL-08,Tirodi Mine,Balaghat,Madhya Pradesh,Opencast,2025-05,21331.0,20590.0,19822.9,767.1,767.1,1508.1,7.07,0.0,MEDIUM,Operational Capacity,95.7,11.5,29.5,0,25,Moderate shortfall anticipated. Review operational workflow and monitor weekly output closely.
MOIL-08,Tirodi Mine,Balaghat,Madhya Pradesh,Opencast,2025-06,19291.0,13638.0,15174.4,-1536.4,1536.4,4116.6,21.34,0.0,HIGH,Low Equipment Availability,79.5,72.9,255.5,1,23,"Low equipment availability (79.5%): Expedite fleet inspection and consider machinery redeployment. | High equipment downtime (73 hrs): Prioritize preventive maintenance and ensure critical spare parts buffer. | Severe weather impact (255.5 mm rain): Activate monsoon SOPs, ensure pit dewatering pumps readiness, and reinforce haul roads."
MOIL-08,Tirodi Mine,Balaghat,Madhya Pradesh,Opencast,2025-07,16431.0,13772.0,13242.1,529.9,529.9,3188.9,19.41,0.0,HIGH,Low Equipment Availability,84.5,54.1,370.6,0,25,"Low equipment availability (84.5%): Expedite fleet inspection and consider machinery redeployment. | Severe weather impact (370.6 mm rain): Activate monsoon SOPs, ensure pit dewatering pumps readiness, and reinforce haul roads."
MOIL-08,Tirodi Mine,Balaghat,Madhya Pradesh,Opencast,2025-08,16213.0,13653.0,12453.5,1199.5,1199.5,3759.5,23.19,0.0,HIGH,Heavy Rainfall,86.9,43.1,428.7,1,25,"Severe weather impact (428.7 mm rain): Activate monsoon SOPs, ensure pit dewatering pumps readiness, and reinforce haul roads."
MOIL-08,Tirodi Mine,Balaghat,Madhya Pradesh,Opencast,2025-09,17877.0,14348.0,14363.1,-15.1,15.1,3513.9,19.66,0.0,HIGH,Low Equipment Availability,84.4,35.9,302.4,0,24,"Low equipment availability (84.4%): Expedite fleet inspection and consider machinery redeployment. | Severe weather impact (302.4 mm rain): Activate monsoon SOPs, ensure pit dewatering pumps readiness, and reinforce haul roads."
MOIL-08,Tirodi Mine,Balaghat,Madhya Pradesh,Opencast,2025-10,21800.0,19961.0,19485.6,475.4,475.4,2314.4,10.62,0.0,MEDIUM,Operational Capacity,91.8,20.0,77.3,0,24,Moderate shortfall anticipated. Review operational workflow and monitor weekly output closely.
MOIL-08,Tirodi Mine,Balaghat,Madhya Pradesh,Opencast,2025-11,22051.0,14398.0,18113.4,-3715.4,3715.4,3937.6,17.86,0.0,HIGH,Blasting Delays,89.4,26.0,26.4,5,24,"Blasting delays (5 days): Review statutory clearances, explosive magazine logistics, and sequence planning."
MOIL-08,Tirodi Mine,Balaghat,Madhya Pradesh,Opencast,2025-12,20633.0,20480.0,19700.3,779.7,779.7,932.7,4.52,0.0,LOW,Operational Capacity,95.0,18.2,14.4,0,26,Moderate shortfall anticipated. Review operational workflow and monitor weekly output closely.
MOIL-09,Sitapatore Mine,Jhabua,Madhya Pradesh,Opencast,2025-01,8614.0,8775.0,9456.9,-681.9,681.9,0.0,0.0,842.9,LOW,Operational Capacity,93.2,19.3,7.4,0,26,Production on track to meet/exceed target. Maintain standard operating procedures and preventive maintenance schedule.
MOIL-09,Sitapatore Mine,Jhabua,Madhya Pradesh,Opencast,2025-02,8580.0,7681.0,7091.7,589.3,589.3,1488.3,17.35,0.0,HIGH,Operational Capacity,89.7,23.6,16.3,0,22,Moderate shortfall anticipated. Review operational workflow and monitor weekly output closely.
MOIL-09,Sitapatore Mine,Jhabua,Madhya Pradesh,Opencast,2025-03,8360.0,7617.0,8619.7,-1002.7,1002.7,0.0,0.0,259.7,LOW,Operational Capacity,90.1,34.0,8.7,0,25,Production on track to meet/exceed target. Maintain standard operating procedures and preventive maintenance schedule.
MOIL-09,Sitapatore Mine,Jhabua,Madhya Pradesh,Opencast,2025-04,8314.0,6657.0,7404.1,-747.1,747.1,909.9,10.94,0.0,MEDIUM,Operational Capacity,94.0,21.2,19.4,0,23,Moderate shortfall anticipated. Review operational workflow and monitor weekly output closely.
MOIL-09,Sitapatore Mine,Jhabua,Madhya Pradesh,Opencast,2025-05,8389.0,8690.0,8857.2,-167.2,167.2,0.0,0.0,468.2,LOW,Operational Capacity,89.9,30.5,30.3,0,26,Production on track to meet/exceed target. Maintain standard operating procedures and preventive maintenance schedule.
MOIL-09,Sitapatore Mine,Jhabua,Madhya Pradesh,Opencast,2025-06,7550.0,6440.0,6074.5,365.5,365.5,1475.5,19.54,0.0,HIGH,Low Equipment Availability,84.0,45.0,235.5,0,24,"Low equipment availability (84.0%): Expedite fleet inspection and consider machinery redeployment. | Severe weather impact (235.5 mm rain): Activate monsoon SOPs, ensure pit dewatering pumps readiness, and reinforce haul roads."
MOIL-09,Sitapatore Mine,Jhabua,Madhya Pradesh,Opencast,2025-07,6960.0,5193.0,3482.6,1710.4,1710.4,3477.4,49.96,0.0,HIGH,Low Equipment Availability,84.5,58.4,401.7,3,24,"Low equipment availability (84.5%): Expedite fleet inspection and consider machinery redeployment. | Blasting delays (3 days): Review statutory clearances, explosive magazine logistics, and sequence planning. | Severe weather impact (401.7 mm rain): Activate monsoon SOPs, ensure pit dewatering pumps readiness, and reinforce haul roads."
MOIL-09,Sitapatore Mine,Jhabua,Madhya Pradesh,Opencast,2025-08,7060.0,6156.0,5606.1,549.9,549.9,1453.9,20.59,0.0,HIGH,Heavy Rainfall,86.0,39.3,267.1,0,25,"Severe weather impact (267.1 mm rain): Activate monsoon SOPs, ensure pit dewatering pumps readiness, and reinforce haul roads."
MOIL-09,Sitapatore Mine,Jhabua,Madhya Pradesh,Opencast,2025-09,8059.0,7004.0,6624.1,379.9,379.9,1434.9,17.8,0.0,HIGH,Low Equipment Availability,83.1,43.8,157.3,0,24,"Low equipment availability (83.1%): Expedite fleet inspection and consider machinery redeployment. | Severe weather impact (157.3 mm rain): Activate monsoon SOPs, ensure pit dewatering pumps readiness, and reinforce haul roads."
MOIL-09,Sitapatore Mine,Jhabua,Madhya Pradesh,Opencast,2025-10,8310.0,7588.0,8278.9,-690.9,690.9,31.1,0.37,0.0,LOW,Operational Capacity,93.7,18.8,81.8,0,25,Moderate shortfall anticipated. Review operational workflow and monitor weekly output closely.
MOIL-09,Sitapatore Mine,Jhabua,Madhya Pradesh,Opencast,2025-11,8719.0,6597.0,5854.1,742.9,742.9,2864.9,32.86,0.0,HIGH,Blasting Delays,90.6,24.5,29.3,4,23,"Blasting delays (4 days): Review statutory clearances, explosive magazine logistics, and sequence planning."
MOIL-09,Sitapatore Mine,Jhabua,Madhya Pradesh,Opencast,2025-12,8179.0,8329.0,8677.5,-348.5,348.5,0.0,0.0,498.5,LOW,Operational Capacity,85.9,47.4,11.6,0,26,Production on track to meet/exceed target. Maintain standard operating procedures and preventive maintenance schedule.
MOIL-10,Ukwa Mine,Jhabua,Madhya Pradesh,Opencast,2025-01,9524.0,8555.0,9454.9,-899.9,899.9,69.1,0.73,0.0,LOW,Operational Capacity,88.3,33.0,9.0,0,25,Moderate shortfall anticipated. Review operational workflow and monitor weekly output closely.
MOIL-10,Ukwa Mine,Jhabua,Madhya Pradesh,Opencast,2025-02,9320.0,8507.0,8179.8,327.2,327.2,1140.2,12.23,0.0,MEDIUM,Operational Capacity,89.2,25.4,16.5,0,23,Moderate shortfall anticipated. Review operational workflow and monitor weekly output closely.
MOIL-10,Ukwa Mine,Jhabua,Madhya Pradesh,Opencast,2025-03,9280.0,8443.0,9201.5,-758.5,758.5,78.5,0.85,0.0,LOW,Operational Capacity,85.8,45.0,21.0,0,25,Moderate shortfall anticipated. Review operational workflow and monitor weekly output closely.
MOIL-10,Ukwa Mine,Jhabua,Madhya Pradesh,Opencast,2025-04,10135.0,9243.0,8974.1,268.9,268.9,1160.9,11.45,0.0,MEDIUM,Operational Capacity,92.8,18.5,19.0,0,23,Moderate shortfall anticipated. Review operational workflow and monitor weekly output closely.
MOIL-10,Ukwa Mine,Jhabua,Madhya Pradesh,Opencast,2025-05,9574.0,9738.0,9454.5,283.5,283.5,119.5,1.25,0.0,LOW,Operational Capacity,91.2,22.2,39.2,0,25,Moderate shortfall anticipated. Review operational workflow and monitor weekly output closely.
MOIL-10,Ukwa Mine,Jhabua,Madhya Pradesh,Opencast,2025-06,8471.0,7062.0,6494.7,567.3,567.3,1976.3,23.33,0.0,HIGH,Low Equipment Availability,84.9,49.3,230.2,1,24,"Low equipment availability (84.9%): Expedite fleet inspection and consider machinery redeployment. | Severe weather impact (230.2 mm rain): Activate monsoon SOPs, ensure pit dewatering pumps readiness, and reinforce haul roads."
MOIL-10,Ukwa Mine,Jhabua,Madhya Pradesh,Opencast,2025-07,7315.0,6017.0,5688.0,329.0,329.0,1627.0,22.24,0.0,HIGH,Low Equipment Availability,83.8,57.1,368.0,1,26,"Low equipment availability (83.8%): Expedite fleet inspection and consider machinery redeployment. | Severe weather impact (368.0 mm rain): Activate monsoon SOPs, ensure pit dewatering pumps readiness, and reinforce haul roads."
MOIL-10,Ukwa Mine,Jhabua,Madhya Pradesh,Opencast,2025-08,7116.0,5714.0,4911.5,802.5,802.5,2204.5,30.98,0.0,HIGH,Blasting Delays,88.2,28.7,276.2,2,25,"Blasting delays (2 days): Review statutory clearances, explosive magazine logistics, and sequence planning. | Severe weather impact (276.2 mm rain): Activate monsoon SOPs, ensure pit dewatering pumps readiness, and reinforce haul roads."
MOIL-10,Ukwa Mine,Jhabua,Madhya Pradesh,Opencast,2025-09,8099.0,6994.0,6622.4,371.6,371.6,1476.6,18.23,0.0,HIGH,Low Equipment Availability,83.1,44.2,265.5,0,25,"Low equipment availability (83.1%): Expedite fleet inspection and consider machinery redeployment. | Severe weather impact (265.5 mm rain): Activate monsoon SOPs, ensure pit dewatering pumps readiness, and reinforce haul roads."
MOIL-10,Ukwa Mine,Jhabua,Madhya Pradesh,Opencast,2025-10,8904.0,7100.0,8125.6,-1025.6,1025.6,778.4,8.74,0.0,MEDIUM,Blasting Delays,91.8,29.4,52.0,2,25,"Blasting delays (2 days): Review statutory clearances, explosive magazine logistics, and sequence planning."
MOIL-10,Ukwa Mine,Jhabua,Madhya Pradesh,Opencast,2025-11,9825.0,8444.0,7891.5,552.5,552.5,1933.5,19.68,0.0,HIGH,Operational Capacity,92.7,19.3,38.5,0,22,Moderate shortfall anticipated. Review operational workflow and monitor weekly output closely.
MOIL-10,Ukwa Mine,Jhabua,Madhya Pradesh,Opencast,2025-12,10112.0,9315.0,10150.7,-835.7,835.7,0.0,0.0,38.7,LOW,Operational Capacity,86.7,49.6,9.3,1,26,Production on track to meet/exceed target. Maintain standard operating procedures and preventive maintenance schedule.
MOIL-11,Parsioni Mine,Nagpur,Maharashtra,Underground,2025-01,11477.0,11503.0,11632.2,-129.2,129.2,0.0,0.0,155.2,LOW,Operational Capacity,89.9,26.5,7.7,0,26,Production on track to meet/exceed target. Maintain standard operating procedures and preventive maintenance schedule.
MOIL-11,Parsioni Mine,Nagpur,Maharashtra,Underground,2025-02,11884.0,9127.0,10228.9,-1101.9,1101.9,1655.1,13.93,0.0,MEDIUM,Operational Capacity,88.7,25.8,7.3,0,23,Moderate shortfall anticipated. Review operational workflow and monitor weekly output closely.
MOIL-11,Parsioni Mine,Nagpur,Maharashtra,Underground,2025-03,12039.0,10905.0,10568.4,336.6,336.6,1470.6,12.22,0.0,MEDIUM,Operational Capacity,86.0,36.3,15.8,0,24,Moderate shortfall anticipated. Review operational workflow and monitor weekly output closely.
MOIL-11,Parsioni Mine,Nagpur,Maharashtra,Underground,2025-04,11220.0,10819.0,10020.7,798.3,798.3,1199.3,10.69,0.0,MEDIUM,Low Equipment Availability,83.5,53.1,17.0,0,24,Low equipment availability (83.5%): Expedite fleet inspection and consider machinery redeployment.
MOIL-11,Parsioni Mine,Nagpur,Maharashtra,Underground,2025-05,11282.0,10313.0,9934.7,378.3,378.3,1347.3,11.94,0.0,MEDIUM,Blasting Delays,88.9,30.0,25.7,3,26,"Blasting delays (3 days): Review statutory clearances, explosive magazine logistics, and sequence planning."
MOIL-11,Parsioni Mine,Nagpur,Maharashtra,Underground,2025-06,10430.0,7702.0,7285.6,416.4,416.4,3144.4,30.15,0.0,HIGH,Low Equipment Availability,82.6,39.9,237.8,0,23,"Low equipment availability (82.6%): Expedite fleet inspection and consider machinery redeployment. | Severe weather impact (237.8 mm rain): Activate monsoon SOPs, ensure pit dewatering pumps readiness, and reinforce haul roads."
MOIL-11,Parsioni Mine,Nagpur,Maharashtra,Underground,2025-07,9152.0,7394.0,7539.4,-145.4,145.4,1612.6,17.62,0.0,HIGH,Low Equipment Availability,80.9,53.0,294.0,0,26,"Low equipment availability (80.9%): Expedite fleet inspection and consider machinery redeployment. | Severe weather impact (294.0 mm rain): Activate monsoon SOPs, ensure pit dewatering pumps readiness, and reinforce haul roads."
MOIL-11,Parsioni Mine,Nagpur,Maharashtra,Underground,2025-08,9012.0,6715.0,5441.7,1273.3,1273.3,3570.3,39.62,0.0,HIGH,Low Equipment Availability,80.6,51.6,222.4,3,24,"Low equipment availability (80.6%): Expedite fleet inspection and consider machinery redeployment. | Blasting delays (3 days): Review statutory clearances, explosive magazine logistics, and sequence planning. | Severe weather impact (222.4 mm rain): Activate monsoon SOPs, ensure pit dewatering pumps readiness, and reinforce haul roads."
MOIL-11,Parsioni Mine,Nagpur,Maharashtra,Underground,2025-09,9738.0,7925.0,7339.3,585.7,585.7,2398.7,24.63,0.0,HIGH,Low Equipment Availability,79.0,55.5,86.9,0,23,Low equipment availability (79.0%): Expedite fleet inspection and consider machinery redeployment.
MOIL-11,Parsioni Mine,Nagpur,Maharashtra,Underground,2025-10,11165.0,10754.0,10834.8,-80.8,80.8,330.2,2.96,0.0,LOW,Operational Capacity,89.1,30.3,60.2,0,26,Moderate shortfall anticipated. Review operational workflow and monitor weekly output closely.
MOIL-11,Parsioni Mine,Nagpur,Maharashtra,Underground,2025-11,12108.0,10435.0,10226.2,208.8,208.8,1881.8,15.54,0.0,HIGH,Operational Capacity,85.2,36.2,19.2,1,24,Moderate shortfall anticipated. Review operational workflow and monitor weekly output closely.
MOIL-11,Parsioni Mine,Nagpur,Maharashtra,Underground,2025-12,11244.0,11689.0,11269.5,419.5,419.5,0.0,0.0,25.5,LOW,Operational Capacity,91.0,30.5,7.8,0,26,Production on track to meet/exceed target. Maintain standard operating procedures and preventive maintenance schedule.
MOIL-12,Mansar Mine,Nagpur,Maharashtra,Opencast,2025-01,14757.0,14488.0,14764.8,-276.8,276.8,0.0,0.0,7.8,LOW,Operational Capacity,87.7,46.2,7.1,0,26,Production on track to meet/exceed target. Maintain standard operating procedures and preventive maintenance schedule.
MOIL-12,Mansar Mine,Nagpur,Maharashtra,Opencast,2025-02,14719.0,12628.0,13051.5,-423.5,423.5,1667.5,11.33,0.0,MEDIUM,Operational Capacity,87.6,43.4,13.6,0,23,Moderate shortfall anticipated. Review operational workflow and monitor weekly output closely.
MOIL-12,Mansar Mine,Nagpur,Maharashtra,Opencast,2025-03,15206.0,14089.0,13416.6,672.4,672.4,1789.4,11.77,0.0,MEDIUM,Operational Capacity,90.4,30.1,17.0,1,24,Moderate shortfall anticipated. Review operational workflow and monitor weekly output closely.
MOIL-12,Mansar Mine,Nagpur,Maharashtra,Opencast,2025-04,14273.0,13781.0,13522.2,258.8,258.8,750.8,5.26,0.0,MEDIUM,Operational Capacity,87.9,34.0,21.3,0,25,Moderate shortfall anticipated. Review operational workflow and monitor weekly output closely.
MOIL-12,Mansar Mine,Nagpur,Maharashtra,Opencast,2025-05,14317.0,14108.0,13682.1,425.9,425.9,634.9,4.43,0.0,LOW,Operational Capacity,90.5,30.6,30.3,0,25,Moderate shortfall anticipated. Review operational workflow and monitor weekly output closely.
MOIL-12,Mansar Mine,Nagpur,Maharashtra,Opencast,2025-06,13317.0,11939.0,11282.0,657.0,657.0,2035.0,15.28,0.0,HIGH,Operational Capacity,88.2,32.6,104.2,1,24,Moderate shortfall anticipated. Review operational workflow and monitor weekly output closely.
MOIL-12,Mansar Mine,Nagpur,Maharashtra,Opencast,2025-07,11548.0,10257.0,9861.7,395.3,395.3,1686.3,14.6,0.0,MEDIUM,Heavy Rainfall,87.0,50.7,292.0,1,26,"Severe weather impact (292.0 mm rain): Activate monsoon SOPs, ensure pit dewatering pumps readiness, and reinforce haul roads."
MOIL-12,Mansar Mine,Nagpur,Maharashtra,Opencast,2025-08,11163.0,8192.0,7878.5,313.5,313.5,3284.5,29.42,0.0,HIGH,Low Equipment Availability,82.7,39.5,276.5,0,23,"Low equipment availability (82.7%): Expedite fleet inspection and consider machinery redeployment. | Severe weather impact (276.5 mm rain): Activate monsoon SOPs, ensure pit dewatering pumps readiness, and reinforce haul roads."
MOIL-12,Mansar Mine,Nagpur,Maharashtra,Opencast,2025-09,12681.0,10039.0,9791.4,247.6,247.6,2889.6,22.79,0.0,HIGH,Blasting Delays,87.0,39.0,221.9,3,25,"Blasting delays (3 days): Review statutory clearances, explosive magazine logistics, and sequence planning. | Severe weather impact (221.9 mm rain): Activate monsoon SOPs, ensure pit dewatering pumps readiness, and reinforce haul roads."
MOIL-12,Mansar Mine,Nagpur,Maharashtra,Opencast,2025-10,13316.0,12336.0,13264.1,-928.1,928.1,51.9,0.39,0.0,LOW,Operational Capacity,94.0,24.1,51.6,0,26,Moderate shortfall anticipated. Review operational workflow and monitor weekly output closely.
MOIL-12,Mansar Mine,Nagpur,Maharashtra,Opencast,2025-11,14881.0,12234.0,12517.0,-283.0,283.0,2364.0,15.89,0.0,HIGH,Operational Capacity,93.9,20.6,33.4,0,22,Moderate shortfall anticipated. Review operational workflow and monitor weekly output closely.
MOIL-12,Mansar Mine,Nagpur,Maharashtra,Opencast,2025-12,15210.0,14522.0,15043.0,-521.0,521.0,167.0,1.1,0.0,LOW,Operational Capacity,92.0,21.1,13.5,0,26,Moderate shortfall anticipated. Review operational workflow and monitor weekly output closely.
MOIL-13,Garbham Mine,Vizianagaram,Andhra Pradesh,Opencast,2025-01,9533.0,9988.0,10367.4,-379.4,379.4,0.0,0.0,834.4,LOW,Operational Capacity,92.5,24.3,7.1,0,26,Production on track to meet/exceed target. Maintain standard operating procedures and preventive maintenance schedule.
MOIL-13,Garbham Mine,Vizianagaram,Andhra Pradesh,Opencast,2025-02,9718.0,6533.0,5847.0,686.0,686.0,3871.0,39.83,0.0,HIGH,Blasting Delays,90.9,28.9,6.2,4,21,"Blasting delays (4 days): Review statutory clearances, explosive magazine logistics, and sequence planning. | Reduced working days (21 days): Plan compensatory shifts or overtime to recover production loss."
MOIL-13,Garbham Mine,Vizianagaram,Andhra Pradesh,Opencast,2025-03,9101.0,9573.0,8804.3,768.7,768.7,296.7,3.26,0.0,LOW,Operational Capacity,88.5,30.1,7.9,0,25,Moderate shortfall anticipated. Review operational workflow and monitor weekly output closely.
MOIL-13,Garbham Mine,Vizianagaram,Andhra Pradesh,Opencast,2025-04,9319.0,8268.0,8601.7,-333.7,333.7,717.3,7.7,0.0,MEDIUM,Operational Capacity,93.6,16.2,18.2,1,24,Moderate shortfall anticipated. Review operational workflow and monitor weekly output closely.
MOIL-13,Garbham Mine,Vizianagaram,Andhra Pradesh,Opencast,2025-05,9679.0,8839.0,9667.2,-828.2,828.2,11.8,0.12,0.0,LOW,Operational Capacity,92.2,25.3,19.8,0,25,Moderate shortfall anticipated. Review operational workflow and monitor weekly output closely.
MOIL-13,Garbham Mine,Vizianagaram,Andhra Pradesh,Opencast,2025-06,8573.0,7658.0,6896.5,761.5,761.5,1676.5,19.56,0.0,HIGH,Low Equipment Availability,84.7,49.0,104.7,0,23,Low equipment availability (84.7%): Expedite fleet inspection and consider machinery redeployment.
MOIL-13,Garbham Mine,Vizianagaram,Andhra Pradesh,Opencast,2025-07,7989.0,6878.0,6686.3,191.7,191.7,1302.7,16.31,0.0,HIGH,Low Equipment Availability,82.6,65.0,304.7,1,26,"Low equipment availability (82.6%): Expedite fleet inspection and consider machinery redeployment. | High equipment downtime (65 hrs): Prioritize preventive maintenance and ensure critical spare parts buffer. | Severe weather impact (304.7 mm rain): Activate monsoon SOPs, ensure pit dewatering pumps readiness, and reinforce haul roads."
MOIL-13,Garbham Mine,Vizianagaram,Andhra Pradesh,Opencast,2025-08,7367.0,5487.0,5025.2,461.8,461.8,2341.8,31.79,0.0,HIGH,Heavy Rainfall,88.8,38.3,252.1,0,23,"Severe weather impact (252.1 mm rain): Activate monsoon SOPs, ensure pit dewatering pumps readiness, and reinforce haul roads."
MOIL-13,Garbham Mine,Vizianagaram,Andhra Pradesh,Opencast,2025-09,8325.0,6305.0,5981.8,323.2,323.2,2343.2,28.15,0.0,HIGH,Low Equipment Availability,83.7,58.3,130.9,2,24,"Low equipment availability (83.7%): Expedite fleet inspection and consider machinery redeployment. | Blasting delays (2 days): Review statutory clearances, explosive magazine logistics, and sequence planning."
MOIL-13,Garbham Mine,Vizianagaram,Andhra Pradesh,Opencast,2025-10,8941.0,7867.0,7961.6,-94.6,94.6,979.4,10.95,0.0,MEDIUM,Operational Capacity,87.0,41.2,52.2,0,24,Moderate shortfall anticipated. Review operational workflow and monitor weekly output closely.
MOIL-13,Garbham Mine,Vizianagaram,Andhra Pradesh,Opencast,2025-11,9105.0,7686.0,7912.9,-226.9,226.9,1192.1,13.09,0.0,MEDIUM,Operational Capacity,90.0,23.2,22.3,0,23,Moderate shortfall anticipated. Review operational workflow and monitor weekly output closely.
MOIL-13,Garbham Mine,Vizianagaram,Andhra Pradesh,Opencast,2025-12,9490.0,8860.0,10078.0,-1218.0,1218.0,0.0,0.0,588.0,LOW,Operational Capacity,93.7,21.7,8.0,0,26,Production on track to meet/exceed target. Maintain standard operating procedures and preventive maintenance schedule.
MOIL-14,Koduru Mine,Vizianagaram,Andhra Pradesh,Opencast,2025-01,7398.0,6531.0,7199.3,-668.3,668.3,198.7,2.69,0.0,LOW,Operational Capacity,90.2,29.5,6.5,0,24,Moderate shortfall anticipated. Review operational workflow and monitor weekly output closely.
MOIL-14,Koduru Mine,Vizianagaram,Andhra Pradesh,Opencast,2025-02,7417.0,5718.0,5716.5,1.5,1.5,1700.5,22.93,0.0,HIGH,Blasting Delays,90.7,31.1,8.5,2,23,"Blasting delays (2 days): Review statutory clearances, explosive magazine logistics, and sequence planning."
MOIL-14,Koduru Mine,Vizianagaram,Andhra Pradesh,Opencast,2025-03,7944.0,7222.0,6921.0,301.0,301.0,1023.0,12.88,0.0,MEDIUM,Operational Capacity,92.2,24.0,10.4,0,23,Moderate shortfall anticipated. Review operational workflow and monitor weekly output closely.
MOIL-14,Koduru Mine,Vizianagaram,Andhra Pradesh,Opencast,2025-04,7702.0,7023.0,8032.4,-1009.4,1009.4,0.0,0.0,330.4,LOW,Operational Capacity,90.5,24.8,2.0,0,25,Production on track to meet/exceed target. Maintain standard operating procedures and preventive maintenance schedule.
MOIL-14,Koduru Mine,Vizianagaram,Andhra Pradesh,Opencast,2025-05,7154.0,6909.0,7965.1,-1056.1,1056.1,0.0,0.0,811.1,LOW,Operational Capacity,87.8,38.2,25.5,0,26,Production on track to meet/exceed target. Maintain standard operating procedures and preventive maintenance schedule.
MOIL-14,Koduru Mine,Vizianagaram,Andhra Pradesh,Opencast,2025-06,6559.0,5258.0,4973.2,284.8,284.8,1585.8,24.18,0.0,HIGH,Heavy Rainfall,85.0,53.3,154.2,0,23,"Severe weather impact (154.2 mm rain): Activate monsoon SOPs, ensure pit dewatering pumps readiness, and reinforce haul roads."
MOIL-14,Koduru Mine,Vizianagaram,Andhra Pradesh,Opencast,2025-07,5864.0,4721.0,5407.7,-686.7,686.7,456.3,7.78,0.0,MEDIUM,Heavy Rainfall,86.6,34.5,231.8,0,26,"Severe weather impact (231.8 mm rain): Activate monsoon SOPs, ensure pit dewatering pumps readiness, and reinforce haul roads."
MOIL-14,Koduru Mine,Vizianagaram,Andhra Pradesh,Opencast,2025-08,5992.0,4740.0,4557.3,182.7,182.7,1434.7,23.94,0.0,HIGH,Low Equipment Availability,77.5,55.7,268.0,0,25,"Low equipment availability (77.5%): Expedite fleet inspection and consider machinery redeployment. | Severe weather impact (268.0 mm rain): Activate monsoon SOPs, ensure pit dewatering pumps readiness, and reinforce haul roads."
MOIL-14,Koduru Mine,Vizianagaram,Andhra Pradesh,Opencast,2025-09,6189.0,4911.0,4339.1,571.9,571.9,1849.9,29.89,0.0,HIGH,Low Equipment Availability,83.5,40.9,179.7,3,25,"Low equipment availability (83.5%): Expedite fleet inspection and consider machinery redeployment. | Blasting delays (3 days): Review statutory clearances, explosive magazine logistics, and sequence planning. | Severe weather impact (179.7 mm rain): Activate monsoon SOPs, ensure pit dewatering pumps readiness, and reinforce haul roads."
MOIL-14,Koduru Mine,Vizianagaram,Andhra Pradesh,Opencast,2025-10,6817.0,6726.0,7442.2,-716.2,716.2,0.0,0.0,625.2,LOW,Operational Capacity,85.9,57.8,38.5,0,26,Production on track to meet/exceed target. Maintain standard operating procedures and preventive maintenance schedule.
MOIL-14,Koduru Mine,Vizianagaram,Andhra Pradesh,Opencast,2025-11,7158.0,6201.0,5996.4,204.6,204.6,1161.6,16.23,0.0,HIGH,Operational Capacity,89.2,33.5,18.2,0,23,Moderate shortfall anticipated. Review operational workflow and monitor weekly output closely.
MOIL-14,Koduru Mine,Vizianagaram,Andhra Pradesh,Opencast,2025-12,7579.0,6348.0,6280.2,67.8,67.8,1298.8,17.14,0.0,HIGH,Blasting Delays,91.5,20.6,9.3,2,24,"Blasting delays (2 days): Review statutory clearances, explosive magazine logistics, and sequence planning."
