Occurrence_ID,Occurrence_Name,Mineral,Latitude,Longitude,District,State,Location_Description,Deposit_Type,Geological_Formation,Host_Rock,Historical_Status,Source_Name,Source_Page,Source_Reference,Latitude_Decimal,Longitude_Decimal
OCC_0001,Balaghat Mine (Bharweli),Manganese,"21°50'00""N","80°14'00""E",Balaghat,Madhya Pradesh,"Bharweli, Manjhara, Manegaon village, Balaghat Tahsil, Toposheet 64C/01",Stratiform metasedimentary bedded oxide,"Mansar Formation, Sausar Group",Phyllite and Sericite Schist,Producing Mine,GSI Bulletin Series A - Economic Geology & MoEF Subsidence Report,1-45,MoEF Mining Letter / GSI Memoir on Balaghat Manganese Belt,21.833333333333332,80.23333333333333
OCC_0002,Ukwa Mine,Manganese,"21°58'00""N","80°28'00""E",Balaghat,Madhya Pradesh,"Ukwa, Baihar / Balaghat Tahsil, Survey of India Toposheet 64C/05",Stratiform oxide sheet,"Mansar Formation, Sausar Group","Phyllite, Mica Schist and Quartzite",Producing Mine,MoEF Form-A Subsidence Report Ukwa / GSI CR-015895,1-30,Geological Survey of India Eastern Sausar Belt Report,21.966666666666665,80.46666666666667
OCC_0003,Tirodi Deposit (South Tirodi),Manganese,"21°40'48""N","79°42'00""E",Balaghat,Madhya Pradesh,"Tirodi town / Katangi Tahsil, Toposheet 55O/10",Stratiform gonditic oxide,"Mansar / Lohangi Formation, Sausar Group","Tirodi Biotite Gneiss, Quartz-Muscovite Schist",Producing Mine,GSI Memoir Vol 22 Pt 7 - Geology of Tirodi Manganese Area,1-192,GSI Publication Series - N. A. Vemban and R. A. Nagarajaiah,21.68,79.7
OCC_0004,Ramrama - Sonawani Area,Manganese,"21°51'32""N","79°56'10""E",Balaghat,Madhya Pradesh,"Ramrama Village, Waraseoni Tahsil, Toposheet 55O/13",Stratiform metasedimentary,"Mansar Formation / Chorbaoli Contact, Sausar Group",Quartz-Mica Schist and Lohangi Marble,Producing Mine,GSI Bulletin - Geology and Manganese Deposits of Ramrama-Sonawani Area,1-50,GSI Publication Series Part VI - M. R. Subramanyam,21.85888888888889,79.93611111111112
OCC_0005,Sitapatore - Sukli Deposit,Manganese,"21°43'15""N","79°44'30""E",Balaghat,Madhya Pradesh,"Sitapathore and Sukli villages, Waraseoni / Katangi Tahsil",Stratiform gondite band,"Mansar Formation, Sausar Group",Biotite Gneiss and Gondite,Known Occurrence,GSI Records & MOIL Annual Mineral Report,45-62,IBM Indian Minerals Yearbook Manganese Chapter,21.72083333333333,79.74166666666667
OCC_0006,Miragpur Deposit,Manganese,"21°37'46""N","79°46'16""E",Balaghat,Madhya Pradesh,"Miragpur Village, Katangi / Khairlanji Tahsil, Toposheet 55O/14",Stratiform oxide lens,"Mansar Formation, Sausar Group",Muscovite Schist and Gondite,Known Occurrence,MoEFCC Forest Clearance Brief Summary Miragpur Lease,1-12,MoEFCC Portal Mining Letter No. 111129121212171,21.629444444444445,79.77111111111111
OCC_0007,Netra Manganese Project,Manganese,"21°51'52""N","79°58'51""E",Balaghat,Madhya Pradesh,"Netra village, Waraseoni Tahsil, Toposheet 55O/13",Bedded gonditic deposit,"Mansar Formation, Sausar Group",Mica Schist and Quartzite,Prospect,Mindat Database Loc-29114 & GSI Sausar Belt Register,1-10,GSI Central Region Bulletin,21.864444444444445,79.98083333333334
OCC_0008,Katangjhari Deposit,Manganese,"21°49'45""N","79°58'15""E",Balaghat,Madhya Pradesh,"Katangjhari village, Lalburra / Waraseoni Tahsil, Toposheet 55O/13",Stratiform gondite band,"Mansar Formation, Sausar Group",Calc-gneiss and Gondite,Deposit,MPPCB Environmental Clearance Executive Summary Katangjhari,1-15,MPPCB State Level Appraisal Committee,21.829166666666666,79.97083333333333
OCC_0009,Dongri Buzurg Deposit,Manganese,"21°32'55""N","79°40'58""E",Bhandara,Maharashtra,"Dongri Buzurg, Tumsar Tahsil, Survey of India Toposheet 55O/10",Supergene enriched bedded oxide deposit,"Mansar Formation, Sausar Group",Mica Schist and Gondite,Producing Mine,Maharashtra State Gazetteers - Bhandara District / MOIL Overview,78-95,Directorate of Geology and Mining Maharashtra,21.548611111111114,79.68277777777779
OCC_0010,Chikla - Sitasaongi Deposit,Manganese,"21°32'13""N","79°44'54""E",Bhandara,Maharashtra,"Chikla, Yedurbuchi and Sitasaongi villages, Tumsar Tahsil, Toposheet 55O/14",Folded synclinal stratiform oxide,"Mansar Formation, Sausar Group",Sitasaongi Schist and Mansar Muscovite-Schist,Producing Mine,MPCB Environmental Clearance Report & GSI Memoir,12-28,MPCB Public Hearing Executive Summary Chikla,21.536944444444448,79.74833333333333
OCC_0011,Kurmura - Sitasaongi Prospect,Manganese,"21°32'39""N","79°45'15""E",Bhandara,Maharashtra,"Kurmura village, Tumsar Tahsil, Toposheet 55O/14",Stratiform gondite band,"Mansar Formation, Sausar Group",Muscovite Schist and Quartzite,Prospect,Geology and Mineral Resources of Maharashtra - DGM,45-60,Directorate of Geology and Mining Nagpur,21.54416666666667,79.75416666666666
OCC_0012,Kandri Mine,Manganese,"21°24'45""N","79°16'00""E",Nagpur,Maharashtra,"Kandri Village, Ramtek Tahsil, Survey of India Toposheet 55O/07",Stratiform gonditic horizon,"Mansar Formation, Sausar Group","Mica Schist, Quartzite and Gondite",Producing Mine,MPCB Executive Summary Kandri Manganese Mine,1-18,MOIL Kandri EIA/EMP Report,21.412499999999998,79.26666666666667
OCC_0013,Mansar (Munsar) Deposit,Manganese,"21°24'15""N","79°16'45""E",Nagpur,Maharashtra,"Munsar, Chargaon, Parsoda villages, Ramtek Tahsil, Toposheet 55O/07",Stratiform bedded manganese silicate-oxide,"Mansar Formation (Type Area), Sausar Group",Mansar Mica Schist and Gondite,Producing Mine,MoEFCC Terms of Reference Munsar Manganese Mine,1-15,MoEFCC Form-1 / PFR Munsar,21.404166666666665,79.27916666666667
OCC_0014,Gumgaon - Kodegaon Deposit,Manganese,"21°24'12""N","78°59'07""E",Nagpur,Maharashtra,"Gumgaon, Kodegaon and Tegai villages, Saoner Tahsil, Toposheet 55K/15",Stratiform oxide band,"Mansar Formation, Sausar Group",Mica Schist and Quartzite,Producing Mine,MoEFCC Online TOR Gumgaon Manganese Lease,1-22,Environment Clearance Form A - Gumgaon Mine,21.403333333333332,78.98527777777778
OCC_0015,Beldongri - Nagardhan Deposit,Manganese,"21°20'25""N","79°17'32""E",Nagpur,Maharashtra,"Beldongri village, Parseoni Tahsil, Toposheet 55O/07",Stratiform gonditic oxide,"Mansar Formation, Sausar Group",Tirodi Migmatitic Gneiss and Muscovite Schist,Producing Mine,IBM MCDR Inspection Report - Beldongri Mine,1-14,Indian Bureau of Mines Nagpur Regional Office,21.340277777777775,79.29222222222222
OCC_0016,Satak Mine Area,Manganese,"21°20'35""N","79°16'23""E",Nagpur,Maharashtra,"Satak Village, Parseoni Tahsil, Toposheet 55O/07",Stratiform gondite,"Mansar Formation, Sausar Group",Biotite-Muscovite Schist and Gondite,Historical Mine,MPCB Public Hearing Executive Summary Satak,1-12,Maharashtra Pollution Control Board Notification,21.343055555555555,79.27305555555556
OCC_0017,Parseoni - Pallora Block,Manganese,"21°22'12""N","79°09'36""E",Nagpur,Maharashtra,"Parseoni and Pallora villages, Parseoni Taluka, Toposheet 55O/03",Gonditic bedded deposit,"Lohangi / Mansar Formation, Sausar Group","Quartzite, Calc-silicate and Mica Schist",Exploration Area,MPCB Executive Summary Parseoni Manganese Block,1-20,DGM Maharashtra Mineral Exploration Dossier,21.37,79.16000000000001
OCC_0018,Mandri - Panchala Block,Manganese,"21°24'26""N","79°32'02""E",Nagpur,Maharashtra,"Mandri Panchala Block, Ramtek Tahsil, Toposheet 55O/07",Bedded gondite,"Mansar / Lohangi Formation, Sausar Group",Calc-silicate and Mica Schist,Exploration Area,NMET Exploration Report - Mandri Panchala G4 Block,1-42,National Mineral Exploration Trust (NMET) Project Dossier,21.40722222222222,79.53388888888888
