Mine_ID,Mine_Name,District,State,Mine_Type,Date,Production_Target_Tonnes,Actual_Production_Tonnes,Equipment_Availability_Pct,Equipment_Downtime_Hours,Rainfall_mm,Blasting_Delay_Days,Working_Days
MOIL-01,Dongri Buzurg Mine,Bhandara,Maharashtra,Underground,2022-01-01,30251.0,27898.0,86.6,43.2,9.0,0,24
MOIL-01,Dongri Buzurg Mine,Bhandara,Maharashtra,Underground,2022-02-01,29168.0,24941.0,85.3,43.8,13.6,0,23
MOIL-01,Dongri Buzurg Mine,Bhandara,Maharashtra,Underground,2022-03-01,32304.0,30463.0,82.8,65.4,11.6,0,26
MOIL-01,Dongri Buzurg Mine,Bhandara,Maharashtra,Underground,2022-04-01,30853.0,27307.0,85.2,37.8,21.9,0,25
MOIL-01,Dongri Buzurg Mine,Bhandara,Maharashtra,Underground,2022-05-01,30197.0,28681.0,83.3,54.0,42.2,0,25
MOIL-01,Dongri Buzurg Mine,Bhandara,Maharashtra,Underground,2022-06-01,27351.0,23308.0,81.3,53.3,166.5,0,25
MOIL-01,Dongri Buzurg Mine,Bhandara,Maharashtra,Underground,2022-07-01,22643.0,17803.0,82.8,41.6,320.7,0,24
MOIL-01,Dongri Buzurg Mine,Bhandara,Maharashtra,Underground,2022-08-01,24903.0,22090.0,80.6,50.3,182.2,0,25
MOIL-01,Dongri Buzurg Mine,Bhandara,Maharashtra,Underground,2022-09-01,26483.0,17411.0,81.1,48.6,350.2,2,25
MOIL-01,Dongri Buzurg Mine,Bhandara,Maharashtra,Underground,2022-10-01,28048.0,26127.0,84.6,57.5,40.7,0,24
MOIL-01,Dongri Buzurg Mine,Bhandara,Maharashtra,Underground,2022-11-01,31146.0,25305.0,87.5,33.5,33.6,1,23
MOIL-01,Dongri Buzurg Mine,Bhandara,Maharashtra,Underground,2022-12-01,29740.0,27817.0,85.8,43.4,9.4,0,26
MOIL-01,Dongri Buzurg Mine,Bhandara,Maharashtra,Underground,2023-01-01,29635.0,24286.0,86.8,34.0,8.5,0,23
MOIL-01,Dongri Buzurg Mine,Bhandara,Maharashtra,Underground,2023-02-01,30367.0,26160.0,88.4,29.7,19.4,2,23
MOIL-01,Dongri Buzurg Mine,Bhandara,Maharashtra,Underground,2023-03-01,29709.0,27951.0,91.2,30.0,12.0,0,25
MOIL-01,Dongri Buzurg Mine,Bhandara,Maharashtra,Underground,2023-04-01,30662.0,26652.0,82.3,58.3,24.4,0,24
MOIL-01,Dongri Buzurg Mine,Bhandara,Maharashtra,Underground,2023-05-01,31332.0,29364.0,84.3,63.3,31.6,0,26
MOIL-01,Dongri Buzurg Mine,Bhandara,Maharashtra,Underground,2023-06-01,28000.0,23110.0,79.2,61.5,294.3,0,25
MOIL-01,Dongri Buzurg Mine,Bhandara,Maharashtra,Underground,2023-07-01,23408.0,18729.0,81.1,62.0,300.5,0,25
MOIL-01,Dongri Buzurg Mine,Bhandara,Maharashtra,Underground,2023-08-01,25326.0,18706.0,82.0,59.6,186.5,2,25
MOIL-01,Dongri Buzurg Mine,Bhandara,Maharashtra,Underground,2023-09-01,25662.0,18655.0,79.3,63.7,231.7,0,24
MOIL-01,Dongri Buzurg Mine,Bhandara,Maharashtra,Underground,2023-10-01,29736.0,24645.0,86.6,48.7,72.8,0,23
MOIL-01,Dongri Buzurg Mine,Bhandara,Maharashtra,Underground,2023-11-01,31167.0,31229.0,89.6,34.2,22.2,0,25
MOIL-01,Dongri Buzurg Mine,Bhandara,Maharashtra,Underground,2023-12-01,31560.0,27672.0,89.6,33.7,7.1,0,23
MOIL-01,Dongri Buzurg Mine,Bhandara,Maharashtra,Underground,2024-01-01,31409.0,28935.0,98.6,4.8,9.0,0,25
MOIL-01,Dongri Buzurg Mine,Bhandara,Maharashtra,Underground,2024-02-01,30719.0,25847.0,86.9,39.4,11.3,0,23
MOIL-01,Dongri Buzurg Mine,Bhandara,Maharashtra,Underground,2024-03-01,31695.0,27864.0,90.3,31.4,13.2,0,25
MOIL-01,Dongri Buzurg Mine,Bhandara,Maharashtra,Underground,2024-04-01,31946.0,29406.0,91.1,33.8,16.7,0,24
MOIL-01,Dongri Buzurg Mine,Bhandara,Maharashtra,Underground,2024-05-01,30505.0,31332.0,86.7,54.5,28.1,0,26
MOIL-01,Dongri Buzurg Mine,Bhandara,Maharashtra,Underground,2024-06-01,28282.0,23749.0,76.6,84.6,150.6,0,23
MOIL-01,Dongri Buzurg Mine,Bhandara,Maharashtra,Underground,2024-07-01,25359.0,19931.0,80.1,51.5,228.8,1,25
MOIL-01,Dongri Buzurg Mine,Bhandara,Maharashtra,Underground,2024-08-01,23790.0,19918.0,77.1,80.6,199.4,0,26
MOIL-01,Dongri Buzurg Mine,Bhandara,Maharashtra,Underground,2024-09-01,27519.0,19026.0,83.2,38.8,245.3,0,23
MOIL-01,Dongri Buzurg Mine,Bhandara,Maharashtra,Underground,2024-10-01,27883.0,25102.0,93.4,25.8,85.8,0,25
MOIL-01,Dongri Buzurg Mine,Bhandara,Maharashtra,Underground,2024-11-01,31521.0,28647.0,85.6,53.3,30.5,0,25
MOIL-01,Dongri Buzurg Mine,Bhandara,Maharashtra,Underground,2024-12-01,30696.0,27331.0,84.5,53.6,11.5,0,24
MOIL-01,Dongri Buzurg Mine,Bhandara,Maharashtra,Underground,2025-01-01,32543.0,30076.0,90.5,34.4,6.7,0,24
MOIL-01,Dongri Buzurg Mine,Bhandara,Maharashtra,Underground,2025-02-01,31521.0,21094.0,89.0,29.3,14.8,4,22
MOIL-01,Dongri Buzurg Mine,Bhandara,Maharashtra,Underground,2025-03-01,32884.0,28229.0,88.8,33.5,15.4,0,24
MOIL-01,Dongri Buzurg Mine,Bhandara,Maharashtra,Underground,2025-04-01,31792.0,29644.0,84.9,49.5,23.1,0,25
MOIL-01,Dongri Buzurg Mine,Bhandara,Maharashtra,Underground,2025-05-01,31376.0,27863.0,85.3,37.7,38.6,3,25
MOIL-01,Dongri Buzurg Mine,Bhandara,Maharashtra,Underground,2025-06-01,29208.0,20094.0,77.1,51.1,158.5,0,22
MOIL-01,Dongri Buzurg Mine,Bhandara,Maharashtra,Underground,2025-07-01,26584.0,21371.0,78.6,55.4,278.7,1,26
MOIL-01,Dongri Buzurg Mine,Bhandara,Maharashtra,Underground,2025-08-01,25451.0,20312.0,80.3,49.6,286.1,0,25
MOIL-01,Dongri Buzurg Mine,Bhandara,Maharashtra,Underground,2025-09-01,29955.0,23443.0,86.7,49.1,169.5,1,24
MOIL-01,Dongri Buzurg Mine,Bhandara,Maharashtra,Underground,2025-10-01,30345.0,30840.0,84.7,63.0,43.0,0,26
MOIL-01,Dongri Buzurg Mine,Bhandara,Maharashtra,Underground,2025-11-01,30612.0,29448.0,89.9,37.4,28.6,0,24
MOIL-01,Dongri Buzurg Mine,Bhandara,Maharashtra,Underground,2025-12-01,33018.0,30600.0,81.9,71.5,9.3,0,25
MOIL-02,Gumgaon Mine,Nagpur,Maharashtra,Underground,2022-01-01,22003.0,18718.0,86.8,44.9,7.8,0,23
MOIL-02,Gumgaon Mine,Nagpur,Maharashtra,Underground,2022-02-01,22340.0,18402.0,87.4,32.1,7.2,0,23
MOIL-02,Gumgaon Mine,Nagpur,Maharashtra,Underground,2022-03-01,23360.0,22896.0,93.1,22.3,15.9,0,25
MOIL-02,Gumgaon Mine,Nagpur,Maharashtra,Underground,2022-04-01,22903.0,21464.0,88.9,39.1,18.7,0,25
MOIL-02,Gumgaon Mine,Nagpur,Maharashtra,Underground,2022-05-01,23075.0,20156.0,86.6,43.2,42.8,0,25
MOIL-02,Gumgaon Mine,Nagpur,Maharashtra,Underground,2022-06-01,19626.0,15518.0,81.7,53.5,215.8,0,25
MOIL-02,Gumgaon Mine,Nagpur,Maharashtra,Underground,2022-07-01,16949.0,13269.0,79.5,78.6,305.7,0,25
MOIL-02,Gumgaon Mine,Nagpur,Maharashtra,Underground,2022-08-01,17474.0,14116.0,79.1,64.8,223.7,0,26
MOIL-02,Gumgaon Mine,Nagpur,Maharashtra,Underground,2022-09-01,18874.0,13568.0,80.0,46.0,156.8,3,23
MOIL-02,Gumgaon Mine,Nagpur,Maharashtra,Underground,2022-10-01,19453.0,17335.0,85.1,51.4,27.6,1,24
MOIL-02,Gumgaon Mine,Nagpur,Maharashtra,Underground,2022-11-01,21501.0,18295.0,87.2,41.6,18.9,0,25
MOIL-02,Gumgaon Mine,Nagpur,Maharashtra,Underground,2022-12-01,22582.0,21516.0,92.1,30.1,8.4,0,26
MOIL-02,Gumgaon Mine,Nagpur,Maharashtra,Underground,2023-01-01,23051.0,23219.0,91.7,23.7,7.1,0,25
MOIL-02,Gumgaon Mine,Nagpur,Maharashtra,Underground,2023-02-01,22118.0,18588.0,85.0,37.2,12.4,0,23
MOIL-02,Gumgaon Mine,Nagpur,Maharashtra,Underground,2023-03-01,22771.0,20388.0,86.7,47.3,16.5,0,24
MOIL-02,Gumgaon Mine,Nagpur,Maharashtra,Underground,2023-04-01,22817.0,18943.0,85.0,42.0,28.1,0,24
MOIL-02,Gumgaon Mine,Nagpur,Maharashtra,Underground,2023-05-01,22010.0,20237.0,89.4,28.1,21.7,0,25
MOIL-02,Gumgaon Mine,Nagpur,Maharashtra,Underground,2023-06-01,21354.0,13314.0,78.0,64.6,214.2,4,24
MOIL-02,Gumgaon Mine,Nagpur,Maharashtra,Underground,2023-07-01,18212.0,12745.0,88.0,42.3,314.2,1,24
MOIL-02,Gumgaon Mine,Nagpur,Maharashtra,Underground,2023-08-01,18811.0,14673.0,81.3,53.9,283.5,0,24
MOIL-02,Gumgaon Mine,Nagpur,Maharashtra,Underground,2023-09-01,18771.0,15743.0,80.6,74.7,205.5,0,25
MOIL-02,Gumgaon Mine,Nagpur,Maharashtra,Underground,2023-10-01,21482.0,18899.0,87.5,31.7,85.3,0,24
MOIL-02,Gumgaon Mine,Nagpur,Maharashtra,Underground,2023-11-01,22262.0,18038.0,88.2,32.0,34.4,0,23
MOIL-02,Gumgaon Mine,Nagpur,Maharashtra,Underground,2023-12-01,23335.0,19543.0,89.6,35.0,8.6,0,24
MOIL-02,Gumgaon Mine,Nagpur,Maharashtra,Underground,2024-01-01,23065.0,21114.0,89.5,34.3,8.3,0,26
MOIL-02,Gumgaon Mine,Nagpur,Maharashtra,Underground,2024-02-01,23359.0,18672.0,87.3,39.3,12.1,0,22
MOIL-02,Gumgaon Mine,Nagpur,Maharashtra,Underground,2024-03-01,22227.0,20855.0,92.7,27.3,10.0,0,24
MOIL-02,Gumgaon Mine,Nagpur,Maharashtra,Underground,2024-04-01,22598.0,19891.0,86.5,49.7,22.6,1,25
MOIL-02,Gumgaon Mine,Nagpur,Maharashtra,Underground,2024-05-01,22137.0,18940.0,83.1,52.8,23.7,0,25
MOIL-02,Gumgaon Mine,Nagpur,Maharashtra,Underground,2024-06-01,20878.0,15404.0,87.7,26.2,177.6,0,22
MOIL-02,Gumgaon Mine,Nagpur,Maharashtra,Underground,2024-07-01,17925.0,13681.0,84.1,57.2,280.0,4,25
MOIL-02,Gumgaon Mine,Nagpur,Maharashtra,Underground,2024-08-01,16549.0,14257.0,84.3,50.7,188.0,0,26
MOIL-02,Gumgaon Mine,Nagpur,Maharashtra,Underground,2024-09-01,20076.0,14438.0,79.6,45.8,123.1,3,23
MOIL-02,Gumgaon Mine,Nagpur,Maharashtra,Underground,2024-10-01,21650.0,20512.0,87.3,35.5,46.7,0,26
MOIL-02,Gumgaon Mine,Nagpur,Maharashtra,Underground,2024-11-01,22446.0,19361.0,88.3,34.1,29.4,0,24
MOIL-02,Gumgaon Mine,Nagpur,Maharashtra,Underground,2024-12-01,22341.0,20528.0,83.3,50.2,6.9,0,25
MOIL-02,Gumgaon Mine,Nagpur,Maharashtra,Underground,2025-01-01,23961.0,22959.0,92.1,32.2,3.8,0,26
MOIL-02,Gumgaon Mine,Nagpur,Maharashtra,Underground,2025-02-01,23764.0,18822.0,93.5,16.8,11.8,3,23
MOIL-02,Gumgaon Mine,Nagpur,Maharashtra,Underground,2025-03-01,23489.0,21386.0,88.7,37.3,8.9,0,24
MOIL-02,Gumgaon Mine,Nagpur,Maharashtra,Underground,2025-04-01,22475.0,17863.0,81.5,55.0,22.6,1,23
MOIL-02,Gumgaon Mine,Nagpur,Maharashtra,Underground,2025-05-01,23699.0,21026.0,82.8,53.1,29.6,0,26
MOIL-02,Gumgaon Mine,Nagpur,Maharashtra,Underground,2025-06-01,20602.0,16571.0,81.2,55.2,188.3,0,23
MOIL-02,Gumgaon Mine,Nagpur,Maharashtra,Underground,2025-07-01,19073.0,14098.0,79.6,65.7,292.6,3,26
MOIL-02,Gumgaon Mine,Nagpur,Maharashtra,Underground,2025-08-01,18507.0,14714.0,75.5,80.0,334.4,0,25
MOIL-02,Gumgaon Mine,Nagpur,Maharashtra,Underground,2025-09-01,20805.0,17225.0,82.9,47.1,229.6,0,25
MOIL-02,Gumgaon Mine,Nagpur,Maharashtra,Underground,2025-10-01,22849.0,21496.0,83.8,65.4,67.2,0,26
MOIL-02,Gumgaon Mine,Nagpur,Maharashtra,Underground,2025-11-01,23033.0,18953.0,89.7,23.3,22.1,0,23
MOIL-02,Gumgaon Mine,Nagpur,Maharashtra,Underground,2025-12-01,23030.0,21684.0,86.4,44.4,13.2,0,25
MOIL-03,Kandri Mine,Nagpur,Maharashtra,Opencast,2022-01-01,18385.0,14853.0,91.8,31.1,5.3,4,25
MOIL-03,Kandri Mine,Nagpur,Maharashtra,Opencast,2022-02-01,18169.0,14209.0,92.8,26.3,16.2,0,23
MOIL-03,Kandri Mine,Nagpur,Maharashtra,Opencast,2022-03-01,16956.0,16346.0,89.2,32.1,13.4,0,26
MOIL-03,Kandri Mine,Nagpur,Maharashtra,Opencast,2022-04-01,17641.0,16915.0,96.9,7.6,18.9,0,23
MOIL-03,Kandri Mine,Nagpur,Maharashtra,Opencast,2022-05-01,17732.0,17373.0,88.4,31.3,29.4,0,25
MOIL-03,Kandri Mine,Nagpur,Maharashtra,Opencast,2022-06-01,16182.0,15469.0,84.6,40.8,154.3,0,24
MOIL-03,Kandri Mine,Nagpur,Maharashtra,Opencast,2022-07-01,14693.0,12850.0,84.3,61.7,254.6,0,25
MOIL-03,Kandri Mine,Nagpur,Maharashtra,Opencast,2022-08-01,15369.0,10009.0,85.6,37.9,208.1,3,26
MOIL-03,Kandri Mine,Nagpur,Maharashtra,Opencast,2022-09-01,16159.0,14779.0,87.3,34.5,166.8,0,24
MOIL-03,Kandri Mine,Nagpur,Maharashtra,Opencast,2022-10-01,17731.0,15760.0,93.2,22.1,76.6,0,24
MOIL-03,Kandri Mine,Nagpur,Maharashtra,Opencast,2022-11-01,18103.0,16961.0,91.5,30.4,20.7,0,24
MOIL-03,Kandri Mine,Nagpur,Maharashtra,Opencast,2022-12-01,18118.0,17392.0,89.1,39.4,6.6,0,25
MOIL-03,Kandri Mine,Nagpur,Maharashtra,Opencast,2023-01-01,18432.0,16949.0,91.2,25.4,8.4,0,25
MOIL-03,Kandri Mine,Nagpur,Maharashtra,Opencast,2023-02-01,18564.0,13560.0,88.3,35.5,12.4,1,21
MOIL-03,Kandri Mine,Nagpur,Maharashtra,Opencast,2023-03-01,17696.0,17139.0,95.6,18.3,12.9,0,26
MOIL-03,Kandri Mine,Nagpur,Maharashtra,Opencast,2023-04-01,19068.0,16936.0,93.4,18.0,23.5,0,24
MOIL-03,Kandri Mine,Nagpur,Maharashtra,Opencast,2023-05-01,18845.0,17583.0,86.8,39.0,51.2,0,26
MOIL-03,Kandri Mine,Nagpur,Maharashtra,Opencast,2023-06-01,16403.0,13518.0,85.7,47.8,245.0,0,23
MOIL-03,Kandri Mine,Nagpur,Maharashtra,Opencast,2023-07-01,13955.0,11643.0,87.9,31.5,367.4,0,25
MOIL-03,Kandri Mine,Nagpur,Maharashtra,Opencast,2023-08-01,13668.0,12031.0,81.7,46.0,215.7,2,26
MOIL-03,Kandri Mine,Nagpur,Maharashtra,Opencast,2023-09-01,17454.0,13538.0,88.1,36.2,227.3,1,24
MOIL-03,Kandri Mine,Nagpur,Maharashtra,Opencast,2023-10-01,17462.0,14907.0,87.4,37.3,65.4,1,25
MOIL-03,Kandri Mine,Nagpur,Maharashtra,Opencast,2023-11-01,19338.0,17734.0,91.9,21.6,31.2,2,25
MOIL-03,Kandri Mine,Nagpur,Maharashtra,Opencast,2023-12-01,18873.0,19226.0,90.3,36.0,11.6,0,25
MOIL-03,Kandri Mine,Nagpur,Maharashtra,Opencast,2024-01-01,18163.0,16317.0,88.5,30.4,6.7,0,24
MOIL-03,Kandri Mine,Nagpur,Maharashtra,Opencast,2024-02-01,19127.0,16253.0,87.2,47.0,18.4,0,23
MOIL-03,Kandri Mine,Nagpur,Maharashtra,Opencast,2024-03-01,17713.0,15084.0,85.0,49.2,14.0,0,23
MOIL-03,Kandri Mine,Nagpur,Maharashtra,Opencast,2024-04-01,19682.0,17297.0,89.7,39.1,25.2,0,25
MOIL-03,Kandri Mine,Nagpur,Maharashtra,Opencast,2024-05-01,18895.0,18084.0,94.1,15.4,47.9,0,25
MOIL-03,Kandri Mine,Nagpur,Maharashtra,Opencast,2024-06-01,15534.0,11441.0,87.9,30.9,163.3,5,24
MOIL-03,Kandri Mine,Nagpur,Maharashtra,Opencast,2024-07-01,13845.0,10478.0,85.8,37.9,247.3,1,24
MOIL-03,Kandri Mine,Nagpur,Maharashtra,Opencast,2024-08-01,14787.0,12654.0,82.4,43.3,232.2,0,25
MOIL-03,Kandri Mine,Nagpur,Maharashtra,Opencast,2024-09-01,16867.0,12181.0,89.9,22.9,207.2,1,22
MOIL-03,Kandri Mine,Nagpur,Maharashtra,Opencast,2024-10-01,16705.0,12674.0,90.2,23.2,48.2,5,24
MOIL-03,Kandri Mine,Nagpur,Maharashtra,Opencast,2024-11-01,19318.0,16779.0,81.3,64.8,31.2,1,25
MOIL-03,Kandri Mine,Nagpur,Maharashtra,Opencast,2024-12-01,18837.0,18308.0,89.4,37.2,8.4,0,25
MOIL-03,Kandri Mine,Nagpur,Maharashtra,Opencast,2025-01-01,19677.0,19402.0,90.9,22.3,9.9,0,25
MOIL-03,Kandri Mine,Nagpur,Maharashtra,Opencast,2025-02-01,18673.0,13323.0,90.9,32.0,16.9,5,22
MOIL-03,Kandri Mine,Nagpur,Maharashtra,Opencast,2025-03-01,19645.0,17633.0,91.4,24.1,21.1,0,23
MOIL-03,Kandri Mine,Nagpur,Maharashtra,Opencast,2025-04-01,18525.0,15487.0,90.4,22.2,26.9,0,24
MOIL-03,Kandri Mine,Nagpur,Maharashtra,Opencast,2025-05-01,19967.0,18923.0,83.5,51.4,26.3,1,26
MOIL-03,Kandri Mine,Nagpur,Maharashtra,Opencast,2025-06-01,16780.0,13557.0,83.0,44.1,149.3,2,22
MOIL-03,Kandri Mine,Nagpur,Maharashtra,Opencast,2025-07-01,15674.0,12823.0,83.9,39.1,327.6,1,25
MOIL-03,Kandri Mine,Nagpur,Maharashtra,Opencast,2025-08-01,14732.0,11235.0,82.0,52.0,295.9,0,25
MOIL-03,Kandri Mine,Nagpur,Maharashtra,Opencast,2025-09-01,16847.0,14350.0,89.2,29.1,143.0,0,25
MOIL-03,Kandri Mine,Nagpur,Maharashtra,Opencast,2025-10-01,18424.0,18304.0,89.9,38.8,49.8,0,26
MOIL-03,Kandri Mine,Nagpur,Maharashtra,Opencast,2025-11-01,19701.0,14644.0,91.2,21.4,32.5,2,22
MOIL-03,Kandri Mine,Nagpur,Maharashtra,Opencast,2025-12-01,18777.0,17888.0,92.4,23.4,8.3,0,25
MOIL-04,Munsar Mine,Nagpur,Maharashtra,Opencast,2022-01-01,12016.0,10240.0,90.9,33.0,5.6,1,24
MOIL-04,Munsar Mine,Nagpur,Maharashtra,Opencast,2022-02-01,12929.0,9046.0,89.7,37.7,12.8,3,23
MOIL-04,Munsar Mine,Nagpur,Maharashtra,Opencast,2022-03-01,11791.0,9819.0,94.9,13.4,17.1,4,26
MOIL-04,Munsar Mine,Nagpur,Maharashtra,Opencast,2022-04-01,11440.0,9698.0,90.7,34.0,19.0,0,24
MOIL-04,Munsar Mine,Nagpur,Maharashtra,Opencast,2022-05-01,11643.0,10252.0,95.8,12.7,41.1,2,24
MOIL-04,Munsar Mine,Nagpur,Maharashtra,Opencast,2022-06-01,10779.0,8816.0,88.5,42.9,139.3,2,24
MOIL-04,Munsar Mine,Nagpur,Maharashtra,Opencast,2022-07-01,9855.0,8404.0,84.4,40.6,442.4,0,25
MOIL-04,Munsar Mine,Nagpur,Maharashtra,Opencast,2022-08-01,9855.0,8599.0,86.8,39.7,202.2,2,26
MOIL-04,Munsar Mine,Nagpur,Maharashtra,Opencast,2022-09-01,10891.0,7515.0,86.0,50.1,201.9,3,23
MOIL-04,Munsar Mine,Nagpur,Maharashtra,Opencast,2022-10-01,11128.0,10355.0,89.5,28.1,74.7,0,25
MOIL-04,Munsar Mine,Nagpur,Maharashtra,Opencast,2022-11-01,12500.0,10657.0,90.6,33.5,23.6,0,23
MOIL-04,Munsar Mine,Nagpur,Maharashtra,Opencast,2022-12-01,11933.0,10255.0,88.2,30.0,10.2,5,26
MOIL-04,Munsar Mine,Nagpur,Maharashtra,Opencast,2023-01-01,12434.0,11117.0,84.1,40.8,8.1,0,25
MOIL-04,Munsar Mine,Nagpur,Maharashtra,Opencast,2023-02-01,12092.0,10649.0,88.3,27.9,16.5,0,23
MOIL-04,Munsar Mine,Nagpur,Maharashtra,Opencast,2023-03-01,12420.0,12747.0,90.0,33.8,15.6,0,25
MOIL-04,Munsar Mine,Nagpur,Maharashtra,Opencast,2023-04-01,12126.0,11099.0,93.6,22.0,18.9,0,24
MOIL-04,Munsar Mine,Nagpur,Maharashtra,Opencast,2023-05-01,12234.0,11220.0,91.2,24.2,30.2,1,25
MOIL-04,Munsar Mine,Nagpur,Maharashtra,Opencast,2023-06-01,10757.0,7610.0,82.9,47.9,272.7,0,24
MOIL-04,Munsar Mine,Nagpur,Maharashtra,Opencast,2023-07-01,9216.0,6460.0,81.6,61.9,383.0,3,23
MOIL-04,Munsar Mine,Nagpur,Maharashtra,Opencast,2023-08-01,10354.0,8766.0,86.4,34.1,220.6,0,25
MOIL-04,Munsar Mine,Nagpur,Maharashtra,Opencast,2023-09-01,10286.0,8657.0,83.7,41.0,179.1,1,25
MOIL-04,Munsar Mine,Nagpur,Maharashtra,Opencast,2023-10-01,11887.0,11305.0,93.6,18.1,83.8,1,25
MOIL-04,Munsar Mine,Nagpur,Maharashtra,Opencast,2023-11-01,12030.0,10931.0,89.2,37.7,23.0,0,24
MOIL-04,Munsar Mine,Nagpur,Maharashtra,Opencast,2023-12-01,12888.0,11034.0,94.4,18.5,12.3,0,23
MOIL-04,Munsar Mine,Nagpur,Maharashtra,Opencast,2024-01-01,12306.0,12077.0,84.1,55.9,5.9,0,26
MOIL-04,Munsar Mine,Nagpur,Maharashtra,Opencast,2024-02-01,12576.0,11787.0,90.9,32.8,14.4,0,24
MOIL-04,Munsar Mine,Nagpur,Maharashtra,Opencast,2024-03-01,12624.0,10452.0,92.2,25.8,16.8,2,24
MOIL-04,Munsar Mine,Nagpur,Maharashtra,Opencast,2024-04-01,13093.0,11881.0,90.9,29.2,12.5,0,24
MOIL-04,Munsar Mine,Nagpur,Maharashtra,Opencast,2024-05-01,12405.0,11513.0,92.7,19.4,37.9,0,25
MOIL-04,Munsar Mine,Nagpur,Maharashtra,Opencast,2024-06-01,10583.0,7813.0,82.4,59.2,117.0,0,23
MOIL-04,Munsar Mine,Nagpur,Maharashtra,Opencast,2024-07-01,10065.0,8750.0,84.0,47.9,330.6,0,24
MOIL-04,Munsar Mine,Nagpur,Maharashtra,Opencast,2024-08-01,9778.0,9344.0,87.4,33.4,211.2,0,26
MOIL-04,Munsar Mine,Nagpur,Maharashtra,Opencast,2024-09-01,11263.0,8781.0,90.0,32.0,263.3,0,23
MOIL-04,Munsar Mine,Nagpur,Maharashtra,Opencast,2024-10-01,12388.0,10746.0,90.3,30.1,54.4,1,25
MOIL-04,Munsar Mine,Nagpur,Maharashtra,Opencast,2024-11-01,13150.0,10992.0,91.9,29.0,34.5,0,23
MOIL-04,Munsar Mine,Nagpur,Maharashtra,Opencast,2024-12-01,11783.0,9847.0,93.6,20.5,7.6,2,24
MOIL-04,Munsar Mine,Nagpur,Maharashtra,Opencast,2025-01-01,12299.0,10365.0,89.4,28.6,10.1,0,25
MOIL-04,Munsar Mine,Nagpur,Maharashtra,Opencast,2025-02-01,12555.0,10331.0,95.0,16.7,10.9,2,23
MOIL-04,Munsar Mine,Nagpur,Maharashtra,Opencast,2025-03-01,12417.0,11793.0,89.4,29.6,14.6,0,25
MOIL-04,Munsar Mine,Nagpur,Maharashtra,Opencast,2025-04-01,12715.0,11951.0,88.4,29.0,18.6,0,25
MOIL-04,Munsar Mine,Nagpur,Maharashtra,Opencast,2025-05-01,12973.0,12579.0,89.2,38.9,41.4,0,26
MOIL-04,Munsar Mine,Nagpur,Maharashtra,Opencast,2025-06-01,10742.0,9039.0,84.5,38.7,156.2,0,23
MOIL-04,Munsar Mine,Nagpur,Maharashtra,Opencast,2025-07-01,10542.0,10399.0,84.9,44.0,223.4,0,26
MOIL-04,Munsar Mine,Nagpur,Maharashtra,Opencast,2025-08-01,10207.0,8675.0,81.0,59.5,305.1,0,25
MOIL-04,Munsar Mine,Nagpur,Maharashtra,Opencast,2025-09-01,10961.0,8611.0,83.6,50.7,274.1,0,24
MOIL-04,Munsar Mine,Nagpur,Maharashtra,Opencast,2025-10-01,11807.0,9108.0,93.5,21.8,52.0,4,26
MOIL-04,Munsar Mine,Nagpur,Maharashtra,Opencast,2025-11-01,12828.0,10801.0,87.8,35.0,24.6,0,22
MOIL-04,Munsar Mine,Nagpur,Maharashtra,Opencast,2025-12-01,12202.0,12404.0,90.3,26.6,8.6,0,24
MOIL-05,Chikla Mine,Bhandara,Maharashtra,Underground,2022-01-01,14710.0,13637.0,86.4,34.6,9.5,0,24
MOIL-05,Chikla Mine,Bhandara,Maharashtra,Underground,2022-02-01,14818.0,11216.0,86.0,31.7,13.5,0,21
MOIL-05,Chikla Mine,Bhandara,Maharashtra,Underground,2022-03-01,14964.0,13960.0,87.6,43.9,12.2,0,24
MOIL-05,Chikla Mine,Bhandara,Maharashtra,Underground,2022-04-01,15444.0,14358.0,86.4,36.2,27.2,2,25
MOIL-05,Chikla Mine,Bhandara,Maharashtra,Underground,2022-05-01,15814.0,15341.0,85.9,53.2,36.7,0,25
MOIL-05,Chikla Mine,Bhandara,Maharashtra,Underground,2022-06-01,13190.0,10115.0,86.1,40.8,174.7,3,25
MOIL-05,Chikla Mine,Bhandara,Maharashtra,Underground,2022-07-01,12182.0,9257.0,79.9,57.2,393.1,0,24
MOIL-05,Chikla Mine,Bhandara,Maharashtra,Underground,2022-08-01,12236.0,9881.0,79.4,80.1,208.6,2,26
MOIL-05,Chikla Mine,Bhandara,Maharashtra,Underground,2022-09-01,12655.0,9305.0,75.7,81.1,238.9,0,23
MOIL-05,Chikla Mine,Bhandara,Maharashtra,Underground,2022-10-01,13225.0,11740.0,81.9,68.5,95.9,0,25
MOIL-05,Chikla Mine,Bhandara,Maharashtra,Underground,2022-11-01,14804.0,13861.0,86.7,49.4,21.7,0,24
MOIL-05,Chikla Mine,Bhandara,Maharashtra,Underground,2022-12-01,14763.0,14292.0,89.7,30.5,11.5,0,26
MOIL-05,Chikla Mine,Bhandara,Maharashtra,Underground,2023-01-01,14577.0,14287.0,86.0,44.1,7.6,0,25
MOIL-05,Chikla Mine,Bhandara,Maharashtra,Underground,2023-02-01,15008.0,11356.0,89.2,22.3,17.1,0,21
MOIL-05,Chikla Mine,Bhandara,Maharashtra,Underground,2023-03-01,15594.0,16633.0,87.7,49.3,11.5,0,26
MOIL-05,Chikla Mine,Bhandara,Maharashtra,Underground,2023-04-01,15404.0,14413.0,89.7,29.5,10.8,0,23
MOIL-05,Chikla Mine,Bhandara,Maharashtra,Underground,2023-05-01,15491.0,14745.0,82.2,55.8,35.7,0,26
MOIL-05,Chikla Mine,Bhandara,Maharashtra,Underground,2023-06-01,12870.0,8918.0,81.4,56.4,256.3,1,24
MOIL-05,Chikla Mine,Bhandara,Maharashtra,Underground,2023-07-01,12728.0,9892.0,83.7,39.3,174.7,1,25
MOIL-05,Chikla Mine,Bhandara,Maharashtra,Underground,2023-08-01,11902.0,8772.0,82.7,42.9,267.5,2,24
MOIL-05,Chikla Mine,Bhandara,Maharashtra,Underground,2023-09-01,12752.0,10910.0,77.4,87.1,156.4,0,25
MOIL-05,Chikla Mine,Bhandara,Maharashtra,Underground,2023-10-01,14134.0,11843.0,86.2,41.5,55.0,0,24
MOIL-05,Chikla Mine,Bhandara,Maharashtra,Underground,2023-11-01,15256.0,13689.0,86.5,45.2,28.2,0,24
MOIL-05,Chikla Mine,Bhandara,Maharashtra,Underground,2023-12-01,15463.0,11258.0,85.2,52.3,11.9,2,23
MOIL-05,Chikla Mine,Bhandara,Maharashtra,Underground,2024-01-01,15985.0,16112.0,87.3,43.5,6.9,0,26
MOIL-05,Chikla Mine,Bhandara,Maharashtra,Underground,2024-02-01,15107.0,13279.0,84.2,53.2,17.3,0,23
MOIL-05,Chikla Mine,Bhandara,Maharashtra,Underground,2024-03-01,16314.0,15323.0,89.4,35.3,14.5,0,25
MOIL-05,Chikla Mine,Bhandara,Maharashtra,Underground,2024-04-01,15406.0,13719.0,84.1,38.8,17.9,0,25
MOIL-05,Chikla Mine,Bhandara,Maharashtra,Underground,2024-05-01,16451.0,14781.0,84.6,51.9,20.3,0,25
MOIL-05,Chikla Mine,Bhandara,Maharashtra,Underground,2024-06-01,13679.0,10693.0,77.9,49.8,179.3,0,23
MOIL-05,Chikla Mine,Bhandara,Maharashtra,Underground,2024-07-01,11787.0,8148.0,81.7,65.4,273.5,0,24
MOIL-05,Chikla Mine,Bhandara,Maharashtra,Underground,2024-08-01,12705.0,9079.0,83.2,52.2,269.3,1,25
MOIL-05,Chikla Mine,Bhandara,Maharashtra,Underground,2024-09-01,12589.0,10387.0,85.5,41.5,96.0,0,23
MOIL-05,Chikla Mine,Bhandara,Maharashtra,Underground,2024-10-01,15044.0,11580.0,83.3,50.6,79.6,2,25
MOIL-05,Chikla Mine,Bhandara,Maharashtra,Underground,2024-11-01,15721.0,12573.0,88.4,42.2,26.6,3,24
MOIL-05,Chikla Mine,Bhandara,Maharashtra,Underground,2024-12-01,15577.0,12593.0,90.4,29.5,7.1,0,23
MOIL-05,Chikla Mine,Bhandara,Maharashtra,Underground,2025-01-01,15875.0,15011.0,79.7,70.2,8.5,0,26
MOIL-05,Chikla Mine,Bhandara,Maharashtra,Underground,2025-02-01,15832.0,11750.0,86.4,43.0,16.5,0,21
MOIL-05,Chikla Mine,Bhandara,Maharashtra,Underground,2025-03-01,16415.0,14206.0,86.3,46.1,22.3,1,24
MOIL-05,Chikla Mine,Bhandara,Maharashtra,Underground,2025-04-01,16222.0,15920.0,88.5,30.2,22.6,0,25
MOIL-05,Chikla Mine,Bhandara,Maharashtra,Underground,2025-05-01,15596.0,14110.0,90.2,32.4,38.1,2,26
MOIL-05,Chikla Mine,Bhandara,Maharashtra,Underground,2025-06-01,14266.0,10859.0,83.7,41.3,173.9,2,22
MOIL-05,Chikla Mine,Bhandara,Maharashtra,Underground,2025-07-01,12650.0,10642.0,80.7,57.2,268.7,0,26
MOIL-05,Chikla Mine,Bhandara,Maharashtra,Underground,2025-08-01,12845.0,9486.0,81.0,56.5,129.7,0,25
MOIL-05,Chikla Mine,Bhandara,Maharashtra,Underground,2025-09-01,14098.0,12481.0,83.4,56.5,159.2,0,24
MOIL-05,Chikla Mine,Bhandara,Maharashtra,Underground,2025-10-01,15092.0,13387.0,81.5,50.3,56.7,0,26
MOIL-05,Chikla Mine,Bhandara,Maharashtra,Underground,2025-11-01,15514.0,13500.0,87.5,27.7,23.0,0,23
MOIL-05,Chikla Mine,Bhandara,Maharashtra,Underground,2025-12-01,15601.0,14596.0,90.1,37.9,8.0,0,25
MOIL-06,Beldongri Mine,Nagpur,Maharashtra,Underground,2022-01-01,10157.0,9125.0,85.3,44.4,8.5,0,25
MOIL-06,Beldongri Mine,Nagpur,Maharashtra,Underground,2022-02-01,9915.0,8065.0,87.6,39.1,12.6,2,23
MOIL-06,Beldongri Mine,Nagpur,Maharashtra,Underground,2022-03-01,10371.0,8896.0,86.4,42.3,9.6,3,26
MOIL-06,Beldongri Mine,Nagpur,Maharashtra,Underground,2022-04-01,10110.0,9010.0,86.2,48.1,14.3,0,25
MOIL-06,Beldongri Mine,Nagpur,Maharashtra,Underground,2022-05-01,10058.0,8808.0,90.4,27.9,27.4,0,24
MOIL-06,Beldongri Mine,Nagpur,Maharashtra,Underground,2022-06-01,8646.0,7224.0,83.6,39.7,172.7,0,25
MOIL-06,Beldongri Mine,Nagpur,Maharashtra,Underground,2022-07-01,8605.0,6491.0,76.7,70.3,334.5,0,24
MOIL-06,Beldongri Mine,Nagpur,Maharashtra,Underground,2022-08-01,8178.0,6415.0,81.1,49.0,306.7,1,25
MOIL-06,Beldongri Mine,Nagpur,Maharashtra,Underground,2022-09-01,8852.0,6983.0,78.1,75.2,131.1,0,25
MOIL-06,Beldongri Mine,Nagpur,Maharashtra,Underground,2022-10-01,9007.0,8422.0,86.7,47.8,49.8,0,25
MOIL-06,Beldongri Mine,Nagpur,Maharashtra,Underground,2022-11-01,10118.0,9541.0,85.0,40.7,23.7,2,25
MOIL-06,Beldongri Mine,Nagpur,Maharashtra,Underground,2022-12-01,10255.0,9307.0,83.5,50.7,12.9,0,26
MOIL-06,Beldongri Mine,Nagpur,Maharashtra,Underground,2023-01-01,9873.0,8798.0,87.5,30.2,7.4,0,25
MOIL-06,Beldongri Mine,Nagpur,Maharashtra,Underground,2023-02-01,10267.0,8809.0,85.4,36.5,12.6,0,22
MOIL-06,Beldongri Mine,Nagpur,Maharashtra,Underground,2023-03-01,10334.0,9821.0,86.2,53.8,9.7,0,26
MOIL-06,Beldongri Mine,Nagpur,Maharashtra,Underground,2023-04-01,10247.0,9236.0,84.9,49.2,22.3,0,24
MOIL-06,Beldongri Mine,Nagpur,Maharashtra,Underground,2023-05-01,9912.0,9357.0,87.1,34.3,38.7,0,25
MOIL-06,Beldongri Mine,Nagpur,Maharashtra,Underground,2023-06-01,8976.0,6465.0,79.2,48.2,201.3,0,24
MOIL-06,Beldongri Mine,Nagpur,Maharashtra,Underground,2023-07-01,7921.0,6640.0,84.0,39.1,312.9,0,25
MOIL-06,Beldongri Mine,Nagpur,Maharashtra,Underground,2023-08-01,8556.0,6188.0,81.8,52.9,248.2,0,24
MOIL-06,Beldongri Mine,Nagpur,Maharashtra,Underground,2023-09-01,8980.0,5833.0,76.0,66.8,209.3,4,25
MOIL-06,Beldongri Mine,Nagpur,Maharashtra,Underground,2023-10-01,9865.0,9541.0,87.3,39.4,61.9,0,25
MOIL-06,Beldongri Mine,Nagpur,Maharashtra,Underground,2023-11-01,10162.0,9345.0,86.1,49.0,29.9,0,23
MOIL-06,Beldongri Mine,Nagpur,Maharashtra,Underground,2023-12-01,10074.0,9220.0,89.7,28.1,6.7,1,25
MOIL-06,Beldongri Mine,Nagpur,Maharashtra,Underground,2024-01-01,10114.0,9598.0,88.2,43.1,8.9,0,26
MOIL-06,Beldongri Mine,Nagpur,Maharashtra,Underground,2024-02-01,9632.0,8125.0,89.1,26.0,13.0,0,24
MOIL-06,Beldongri Mine,Nagpur,Maharashtra,Underground,2024-03-01,10081.0,8338.0,83.6,59.2,17.5,0,24
MOIL-06,Beldongri Mine,Nagpur,Maharashtra,Underground,2024-04-01,9884.0,8309.0,91.4,29.7,22.3,2,25
MOIL-06,Beldongri Mine,Nagpur,Maharashtra,Underground,2024-05-01,10716.0,9917.0,87.3,37.3,40.0,0,26
MOIL-06,Beldongri Mine,Nagpur,Maharashtra,Underground,2024-06-01,9451.0,8132.0,85.4,42.2,137.0,0,23
MOIL-06,Beldongri Mine,Nagpur,Maharashtra,Underground,2024-07-01,8452.0,7268.0,80.4,59.9,338.7,0,26
MOIL-06,Beldongri Mine,Nagpur,Maharashtra,Underground,2024-08-01,8160.0,6915.0,83.5,61.3,265.7,0,26
MOIL-06,Beldongri Mine,Nagpur,Maharashtra,Underground,2024-09-01,9362.0,6985.0,80.9,43.6,232.3,0,23
MOIL-06,Beldongri Mine,Nagpur,Maharashtra,Underground,2024-10-01,9621.0,9557.0,85.6,42.9,87.5,0,26
MOIL-06,Beldongri Mine,Nagpur,Maharashtra,Underground,2024-11-01,10421.0,8031.0,92.8,26.6,31.9,3,24
MOIL-06,Beldongri Mine,Nagpur,Maharashtra,Underground,2024-12-01,10139.0,7556.0,90.7,27.2,6.6,3,24
MOIL-06,Beldongri Mine,Nagpur,Maharashtra,Underground,2025-01-01,10935.0,11570.0,86.5,54.9,7.1,0,26
MOIL-06,Beldongri Mine,Nagpur,Maharashtra,Underground,2025-02-01,10313.0,8612.0,84.1,45.2,10.5,0,23
MOIL-06,Beldongri Mine,Nagpur,Maharashtra,Underground,2025-03-01,10151.0,8448.0,85.2,43.7,20.7,0,24
MOIL-06,Beldongri Mine,Nagpur,Maharashtra,Underground,2025-04-01,10621.0,9617.0,87.6,41.7,19.4,1,25
MOIL-06,Beldongri Mine,Nagpur,Maharashtra,Underground,2025-05-01,10843.0,7530.0,91.0,25.5,49.6,5,25
MOIL-06,Beldongri Mine,Nagpur,Maharashtra,Underground,2025-06-01,9411.0,7170.0,80.4,62.8,221.7,0,24
MOIL-06,Beldongri Mine,Nagpur,Maharashtra,Underground,2025-07-01,8649.0,7110.0,80.8,60.7,172.8,0,26
MOIL-06,Beldongri Mine,Nagpur,Maharashtra,Underground,2025-08-01,8348.0,6000.0,74.6,75.5,250.8,0,24
MOIL-06,Beldongri Mine,Nagpur,Maharashtra,Underground,2025-09-01,9093.0,7709.0,85.6,37.6,128.6,0,24
MOIL-06,Beldongri Mine,Nagpur,Maharashtra,Underground,2025-10-01,10142.0,9439.0,85.3,57.7,60.1,0,25
MOIL-06,Beldongri Mine,Nagpur,Maharashtra,Underground,2025-11-01,10371.0,8916.0,87.6,40.9,16.2,0,23
MOIL-06,Beldongri Mine,Nagpur,Maharashtra,Underground,2025-12-01,10186.0,9640.0,84.6,59.0,11.9,0,25
MOIL-07,Balaghat Mine,Balaghat,Madhya Pradesh,Underground,2022-01-01,27538.0,25942.0,83.9,50.0,11.1,0,25
MOIL-07,Balaghat Mine,Balaghat,Madhya Pradesh,Underground,2022-02-01,29213.0,24517.0,85.5,46.0,13.8,0,23
MOIL-07,Balaghat Mine,Balaghat,Madhya Pradesh,Underground,2022-03-01,27722.0,23924.0,83.9,57.2,19.6,0,24
MOIL-07,Balaghat Mine,Balaghat,Madhya Pradesh,Underground,2022-04-01,26889.0,24019.0,82.9,61.2,13.5,0,24
MOIL-07,Balaghat Mine,Balaghat,Madhya Pradesh,Underground,2022-05-01,27807.0,22716.0,82.9,64.1,28.7,0,24
MOIL-07,Balaghat Mine,Balaghat,Madhya Pradesh,Underground,2022-06-01,24778.0,17377.0,81.1,62.6,207.7,0,23
MOIL-07,Balaghat Mine,Balaghat,Madhya Pradesh,Underground,2022-07-01,22494.0,17224.0,80.7,51.4,366.7,3,25
MOIL-07,Balaghat Mine,Balaghat,Madhya Pradesh,Underground,2022-08-01,22764.0,16951.0,90.2,28.5,204.9,2,26
MOIL-07,Balaghat Mine,Balaghat,Madhya Pradesh,Underground,2022-09-01,23911.0,20500.0,88.1,38.9,274.3,0,25
MOIL-07,Balaghat Mine,Balaghat,Madhya Pradesh,Underground,2022-10-01,26672.0,22249.0,84.0,51.7,70.2,1,24
MOIL-07,Balaghat Mine,Balaghat,Madhya Pradesh,Underground,2022-11-01,27962.0,25947.0,86.3,44.0,34.9,0,25
MOIL-07,Balaghat Mine,Balaghat,Madhya Pradesh,Underground,2022-12-01,28111.0,24607.0,90.7,35.9,14.4,0,26
MOIL-07,Balaghat Mine,Balaghat,Madhya Pradesh,Underground,2023-01-01,28405.0,23531.0,86.4,47.7,6.2,0,23
MOIL-07,Balaghat Mine,Balaghat,Madhya Pradesh,Underground,2023-02-01,29350.0,24981.0,86.2,41.5,14.0,0,23
MOIL-07,Balaghat Mine,Balaghat,Madhya Pradesh,Underground,2023-03-01,27655.0,25590.0,85.5,60.3,22.4,0,26
MOIL-07,Balaghat Mine,Balaghat,Madhya Pradesh,Underground,2023-04-01,28322.0,26240.0,92.3,25.5,21.9,0,24
MOIL-07,Balaghat Mine,Balaghat,Madhya Pradesh,Underground,2023-05-01,29733.0,28187.0,89.0,27.6,46.3,0,25
MOIL-07,Balaghat Mine,Balaghat,Madhya Pradesh,Underground,2023-06-01,25719.0,18353.0,84.9,40.3,280.0,4,25
MOIL-07,Balaghat Mine,Balaghat,Madhya Pradesh,Underground,2023-07-01,22018.0,15705.0,84.3,49.3,458.8,2,23
MOIL-07,Balaghat Mine,Balaghat,Madhya Pradesh,Underground,2023-08-01,23606.0,18217.0,81.9,50.8,240.3,3,26
MOIL-07,Balaghat Mine,Balaghat,Madhya Pradesh,Underground,2023-09-01,24145.0,18977.0,85.2,55.4,182.6,0,24
MOIL-07,Balaghat Mine,Balaghat,Madhya Pradesh,Underground,2023-10-01,26097.0,22210.0,89.5,37.3,87.9,0,24
MOIL-07,Balaghat Mine,Balaghat,Madhya Pradesh,Underground,2023-11-01,28854.0,24284.0,91.3,21.3,21.9,0,25
MOIL-07,Balaghat Mine,Balaghat,Madhya Pradesh,Underground,2023-12-01,29175.0,25499.0,86.0,49.5,14.8,0,23
MOIL-07,Balaghat Mine,Balaghat,Madhya Pradesh,Underground,2024-01-01,29756.0,29475.0,87.4,52.4,7.6,0,26
MOIL-07,Balaghat Mine,Balaghat,Madhya Pradesh,Underground,2024-02-01,29007.0,26342.0,86.9,46.0,12.1,0,24
MOIL-07,Balaghat Mine,Balaghat,Madhya Pradesh,Underground,2024-03-01,30810.0,30922.0,88.9,41.5,23.0,0,25
MOIL-07,Balaghat Mine,Balaghat,Madhya Pradesh,Underground,2024-04-01,30433.0,25741.0,85.9,45.8,33.1,0,23
MOIL-07,Balaghat Mine,Balaghat,Madhya Pradesh,Underground,2024-05-01,29645.0,28579.0,88.7,30.9,38.2,0,25
MOIL-07,Balaghat Mine,Balaghat,Madhya Pradesh,Underground,2024-06-01,25491.0,21569.0,82.3,43.4,173.2,0,23
MOIL-07,Balaghat Mine,Balaghat,Madhya Pradesh,Underground,2024-07-01,24965.0,19334.0,79.5,55.1,262.2,0,25
MOIL-07,Balaghat Mine,Balaghat,Madhya Pradesh,Underground,2024-08-01,25868.0,18658.0,76.9,70.3,398.5,2,25
MOIL-07,Balaghat Mine,Balaghat,Madhya Pradesh,Underground,2024-09-01,24676.0,19564.0,87.2,37.8,123.5,2,24
MOIL-07,Balaghat Mine,Balaghat,Madhya Pradesh,Underground,2024-10-01,27133.0,21645.0,89.7,41.2,78.7,4,25
MOIL-07,Balaghat Mine,Balaghat,Madhya Pradesh,Underground,2024-11-01,28560.0,24135.0,86.4,46.4,25.0,0,23
MOIL-07,Balaghat Mine,Balaghat,Madhya Pradesh,Underground,2024-12-01,28731.0,24459.0,81.9,66.6,7.0,0,25
MOIL-07,Balaghat Mine,Balaghat,Madhya Pradesh,Underground,2025-01-01,29361.0,27248.0,83.1,42.3,7.4,0,25
MOIL-07,Balaghat Mine,Balaghat,Madhya Pradesh,Underground,2025-02-01,29917.0,24300.0,91.1,21.4,10.9,0,23
MOIL-07,Balaghat Mine,Balaghat,Madhya Pradesh,Underground,2025-03-01,28684.0,24391.0,81.7,57.4,16.8,0,25
MOIL-07,Balaghat Mine,Balaghat,Madhya Pradesh,Underground,2025-04-01,30357.0,25392.0,85.8,44.5,27.7,0,24
MOIL-07,Balaghat Mine,Balaghat,Madhya Pradesh,Underground,2025-05-01,29451.0,30698.0,92.1,30.7,39.7,0,26
MOIL-07,Balaghat Mine,Balaghat,Madhya Pradesh,Underground,2025-06-01,27484.0,22518.0,88.7,34.5,192.8,0,24
MOIL-07,Balaghat Mine,Balaghat,Madhya Pradesh,Underground,2025-07-01,23283.0,18894.0,84.3,44.7,250.2,1,25
MOIL-07,Balaghat Mine,Balaghat,Madhya Pradesh,Underground,2025-08-01,24748.0,20088.0,80.5,49.5,332.3,0,25
MOIL-07,Balaghat Mine,Balaghat,Madhya Pradesh,Underground,2025-09-01,26367.0,21677.0,81.7,51.2,158.3,1,25
MOIL-07,Balaghat Mine,Balaghat,Madhya Pradesh,Underground,2025-10-01,27976.0,25056.0,84.9,49.9,83.3,0,26
MOIL-07,Balaghat Mine,Balaghat,Madhya Pradesh,Underground,2025-11-01,31309.0,23930.0,80.6,47.2,12.7,0,23
MOIL-07,Balaghat Mine,Balaghat,Madhya Pradesh,Underground,2025-12-01,28748.0,27258.0,85.2,47.6,15.5,0,25
MOIL-08,Tirodi Mine,Balaghat,Madhya Pradesh,Opencast,2022-01-01,19658.0,16772.0,95.2,12.2,4.4,2,24
MOIL-08,Tirodi Mine,Balaghat,Madhya Pradesh,Opencast,2022-02-01,20754.0,16535.0,88.6,37.8,11.9,3,23
MOIL-08,Tirodi Mine,Balaghat,Madhya Pradesh,Opencast,2022-03-01,20920.0,20894.0,92.0,20.2,16.5,0,26
MOIL-08,Tirodi Mine,Balaghat,Madhya Pradesh,Opencast,2022-04-01,20118.0,17295.0,91.5,22.1,22.6,0,23
MOIL-08,Tirodi Mine,Balaghat,Madhya Pradesh,Opencast,2022-05-01,20526.0,17981.0,92.9,28.0,31.3,3,25
MOIL-08,Tirodi Mine,Balaghat,Madhya Pradesh,Opencast,2022-06-01,16849.0,14159.0,82.3,66.1,140.8,0,25
MOIL-08,Tirodi Mine,Balaghat,Madhya Pradesh,Opencast,2022-07-01,15888.0,12084.0,78.7,66.3,348.1,0,25
MOIL-08,Tirodi Mine,Balaghat,Madhya Pradesh,Opencast,2022-08-01,16419.0,13355.0,84.2,39.3,360.0,1,25
MOIL-08,Tirodi Mine,Balaghat,Madhya Pradesh,Opencast,2022-09-01,18334.0,14367.0,87.4,32.7,203.7,1,24
MOIL-08,Tirodi Mine,Balaghat,Madhya Pradesh,Opencast,2022-10-01,18959.0,17696.0,84.3,52.7,106.8,0,25
MOIL-08,Tirodi Mine,Balaghat,Madhya Pradesh,Opencast,2022-11-01,20439.0,18437.0,93.8,21.2,34.9,0,23
MOIL-08,Tirodi Mine,Balaghat,Madhya Pradesh,Opencast,2022-12-01,21447.0,23043.0,86.6,36.1,13.0,0,26
MOIL-08,Tirodi Mine,Balaghat,Madhya Pradesh,Opencast,2023-01-01,20601.0,19582.0,96.2,10.2,10.2,0,25
MOIL-08,Tirodi Mine,Balaghat,Madhya Pradesh,Opencast,2023-02-01,21533.0,18720.0,88.8,28.5,15.4,0,23
MOIL-08,Tirodi Mine,Balaghat,Madhya Pradesh,Opencast,2023-03-01,20050.0,20858.0,91.3,26.8,19.1,0,26
MOIL-08,Tirodi Mine,Balaghat,Madhya Pradesh,Opencast,2023-04-01,20731.0,19210.0,88.6,32.9,18.1,0,24
MOIL-08,Tirodi Mine,Balaghat,Madhya Pradesh,Opencast,2023-05-01,20094.0,19596.0,89.4,42.9,44.4,0,26
MOIL-08,Tirodi Mine,Balaghat,Madhya Pradesh,Opencast,2023-06-01,18251.0,15694.0,87.3,30.6,190.8,1,24
MOIL-08,Tirodi Mine,Balaghat,Madhya Pradesh,Opencast,2023-07-01,15383.0,12912.0,83.1,60.6,304.6,0,24
MOIL-08,Tirodi Mine,Balaghat,Madhya Pradesh,Opencast,2023-08-01,16443.0,12736.0,82.0,56.8,240.4,1,26
MOIL-08,Tirodi Mine,Balaghat,Madhya Pradesh,Opencast,2023-09-01,18774.0,15095.0,84.3,59.3,135.8,4,24
MOIL-08,Tirodi Mine,Balaghat,Madhya Pradesh,Opencast,2023-10-01,19078.0,15774.0,94.9,18.2,105.2,3,24
MOIL-08,Tirodi Mine,Balaghat,Madhya Pradesh,Opencast,2023-11-01,19229.0,18456.0,89.4,39.8,34.0,0,25
MOIL-08,Tirodi Mine,Balaghat,Madhya Pradesh,Opencast,2023-12-01,20652.0,20929.0,89.7,36.7,11.3,0,25
MOIL-08,Tirodi Mine,Balaghat,Madhya Pradesh,Opencast,2024-01-01,21569.0,20749.0,88.6,47.2,12.3,2,26
MOIL-08,Tirodi Mine,Balaghat,Madhya Pradesh,Opencast,2024-02-01,21557.0,18957.0,83.3,42.6,15.8,2,24
MOIL-08,Tirodi Mine,Balaghat,Madhya Pradesh,Opencast,2024-03-01,20510.0,18979.0,89.3,37.0,13.6,0,25
MOIL-08,Tirodi Mine,Balaghat,Madhya Pradesh,Opencast,2024-04-01,21244.0,17159.0,89.6,23.7,20.1,2,23
MOIL-08,Tirodi Mine,Balaghat,Madhya Pradesh,Opencast,2024-05-01,19760.0,19405.0,89.9,30.7,39.4,0,25
MOIL-08,Tirodi Mine,Balaghat,Madhya Pradesh,Opencast,2024-06-01,17942.0,14663.0,84.0,57.3,193.1,0,24
MOIL-08,Tirodi Mine,Balaghat,Madhya Pradesh,Opencast,2024-07-01,16633.0,13605.0,84.8,39.9,162.2,0,24
MOIL-08,Tirodi Mine,Balaghat,Madhya Pradesh,Opencast,2024-08-01,16828.0,13720.0,90.2,35.4,177.1,1,25
MOIL-08,Tirodi Mine,Balaghat,Madhya Pradesh,Opencast,2024-09-01,18618.0,14280.0,85.5,48.9,197.2,2,24
MOIL-08,Tirodi Mine,Balaghat,Madhya Pradesh,Opencast,2024-10-01,19072.0,18588.0,92.3,29.8,60.7,0,26
MOIL-08,Tirodi Mine,Balaghat,Madhya Pradesh,Opencast,2024-11-01,21336.0,17046.0,94.0,16.3,23.1,5,24
MOIL-08,Tirodi Mine,Balaghat,Madhya Pradesh,Opencast,2024-12-01,19672.0,17977.0,85.4,41.0,6.3,0,24
MOIL-08,Tirodi Mine,Balaghat,Madhya Pradesh,Opencast,2025-01-01,21598.0,18704.0,91.6,30.6,11.3,3,25
MOIL-08,Tirodi Mine,Balaghat,Madhya Pradesh,Opencast,2025-02-01,22213.0,18931.0,92.7,22.6,15.4,0,23
MOIL-08,Tirodi Mine,Balaghat,Madhya Pradesh,Opencast,2025-03-01,20715.0,19764.0,92.2,20.8,14.1,0,24
MOIL-08,Tirodi Mine,Balaghat,Madhya Pradesh,Opencast,2025-04-01,19931.0,18075.0,89.1,40.7,17.3,0,24
MOIL-08,Tirodi Mine,Balaghat,Madhya Pradesh,Opencast,2025-05-01,21331.0,20590.0,95.7,11.5,29.5,0,25
MOIL-08,Tirodi Mine,Balaghat,Madhya Pradesh,Opencast,2025-06-01,19291.0,13638.0,79.5,72.9,255.5,1,23
MOIL-08,Tirodi Mine,Balaghat,Madhya Pradesh,Opencast,2025-07-01,16431.0,13772.0,84.5,54.1,370.6,0,25
MOIL-08,Tirodi Mine,Balaghat,Madhya Pradesh,Opencast,2025-08-01,16213.0,13653.0,86.9,43.1,428.7,1,25
MOIL-08,Tirodi Mine,Balaghat,Madhya Pradesh,Opencast,2025-09-01,17877.0,14348.0,84.4,35.9,302.4,0,24
MOIL-08,Tirodi Mine,Balaghat,Madhya Pradesh,Opencast,2025-10-01,21800.0,19961.0,91.8,20.0,77.3,0,24
MOIL-08,Tirodi Mine,Balaghat,Madhya Pradesh,Opencast,2025-11-01,22051.0,14398.0,89.4,26.0,26.4,5,24
MOIL-08,Tirodi Mine,Balaghat,Madhya Pradesh,Opencast,2025-12-01,20633.0,20480.0,95.0,18.2,14.4,0,26
MOIL-09,Sitapatore Mine,Jhabua,Madhya Pradesh,Opencast,2022-01-01,8423.0,7672.0,92.1,27.3,13.2,0,24
MOIL-09,Sitapatore Mine,Jhabua,Madhya Pradesh,Opencast,2022-02-01,8100.0,6656.0,88.9,25.4,7.8,0,22
MOIL-09,Sitapatore Mine,Jhabua,Madhya Pradesh,Opencast,2022-03-01,7628.0,7989.0,90.3,25.9,13.6,0,26
MOIL-09,Sitapatore Mine,Jhabua,Madhya Pradesh,Opencast,2022-04-01,7629.0,7904.0,92.7,28.0,22.9,0,25
MOIL-09,Sitapatore Mine,Jhabua,Madhya Pradesh,Opencast,2022-05-01,8169.0,7685.0,96.5,12.3,35.0,0,25
MOIL-09,Sitapatore Mine,Jhabua,Madhya Pradesh,Opencast,2022-06-01,6758.0,5112.0,87.2,37.3,198.9,0,24
MOIL-09,Sitapatore Mine,Jhabua,Madhya Pradesh,Opencast,2022-07-01,6100.0,4481.0,81.1,54.5,280.2,1,24
MOIL-09,Sitapatore Mine,Jhabua,Madhya Pradesh,Opencast,2022-08-01,6075.0,5016.0,77.2,81.9,172.9,2,26
MOIL-09,Sitapatore Mine,Jhabua,Madhya Pradesh,Opencast,2022-09-01,6772.0,5309.0,80.5,57.0,214.3,1,24
MOIL-09,Sitapatore Mine,Jhabua,Madhya Pradesh,Opencast,2022-10-01,7821.0,6574.0,84.5,52.5,97.0,0,23
MOIL-09,Sitapatore Mine,Jhabua,Madhya Pradesh,Opencast,2022-11-01,7818.0,7628.0,87.6,32.8,17.4,0,25
MOIL-09,Sitapatore Mine,Jhabua,Madhya Pradesh,Opencast,2022-12-01,7800.0,7386.0,89.9,34.4,15.8,0,25
MOIL-09,Sitapatore Mine,Jhabua,Madhya Pradesh,Opencast,2023-01-01,8491.0,7507.0,82.4,65.9,10.2,0,24
MOIL-09,Sitapatore Mine,Jhabua,Madhya Pradesh,Opencast,2023-02-01,8527.0,7579.0,86.2,31.6,12.4,0,23
MOIL-09,Sitapatore Mine,Jhabua,Madhya Pradesh,Opencast,2023-03-01,8434.0,7961.0,89.8,38.0,14.6,0,25
MOIL-09,Sitapatore Mine,Jhabua,Madhya Pradesh,Opencast,2023-04-01,8579.0,7209.0,85.4,52.8,29.3,0,23
MOIL-09,Sitapatore Mine,Jhabua,Madhya Pradesh,Opencast,2023-05-01,7789.0,7790.0,90.9,31.9,27.3,0,26
MOIL-09,Sitapatore Mine,Jhabua,Madhya Pradesh,Opencast,2023-06-01,6880.0,5077.0,84.6,38.2,165.3,2,25
MOIL-09,Sitapatore Mine,Jhabua,Madhya Pradesh,Opencast,2023-07-01,6566.0,5972.0,83.1,56.1,323.5,0,25
MOIL-09,Sitapatore Mine,Jhabua,Madhya Pradesh,Opencast,2023-08-01,6725.0,5406.0,80.8,50.4,343.6,1,26
MOIL-09,Sitapatore Mine,Jhabua,Madhya Pradesh,Opencast,2023-09-01,7458.0,6067.0,85.5,47.7,235.9,1,25
MOIL-09,Sitapatore Mine,Jhabua,Madhya Pradesh,Opencast,2023-10-01,7628.0,7664.0,87.0,33.2,68.7,0,25
MOIL-09,Sitapatore Mine,Jhabua,Madhya Pradesh,Opencast,2023-11-01,8283.0,8457.0,88.3,31.4,18.7,0,25
MOIL-09,Sitapatore Mine,Jhabua,Madhya Pradesh,Opencast,2023-12-01,8172.0,7614.0,90.1,26.2,7.7,0,24
MOIL-09,Sitapatore Mine,Jhabua,Madhya Pradesh,Opencast,2024-01-01,8424.0,8267.0,93.2,20.9,7.8,0,25
MOIL-09,Sitapatore Mine,Jhabua,Madhya Pradesh,Opencast,2024-02-01,7788.0,7118.0,93.8,18.1,12.5,0,24
MOIL-09,Sitapatore Mine,Jhabua,Madhya Pradesh,Opencast,2024-03-01,8679.0,9435.0,86.5,41.4,23.1,0,25
MOIL-09,Sitapatore Mine,Jhabua,Madhya Pradesh,Opencast,2024-04-01,8125.0,7818.0,92.0,18.7,15.2,0,24
MOIL-09,Sitapatore Mine,Jhabua,Madhya Pradesh,Opencast,2024-05-01,8053.0,7997.0,95.3,16.8,46.4,0,25
MOIL-09,Sitapatore Mine,Jhabua,Madhya Pradesh,Opencast,2024-06-01,7267.0,5987.0,85.6,37.8,130.7,0,23
MOIL-09,Sitapatore Mine,Jhabua,Madhya Pradesh,Opencast,2024-07-01,6647.0,5355.0,80.0,68.2,312.9,2,26
MOIL-09,Sitapatore Mine,Jhabua,Madhya Pradesh,Opencast,2024-08-01,6971.0,5291.0,83.1,58.4,379.3,0,24
MOIL-09,Sitapatore Mine,Jhabua,Madhya Pradesh,Opencast,2024-09-01,7339.0,5411.0,82.0,57.7,184.1,2,24
MOIL-09,Sitapatore Mine,Jhabua,Madhya Pradesh,Opencast,2024-10-01,8049.0,7582.0,93.2,26.5,45.5,1,25
MOIL-09,Sitapatore Mine,Jhabua,Madhya Pradesh,Opencast,2024-11-01,8476.0,7412.0,93.4,24.3,37.8,0,23
MOIL-09,Sitapatore Mine,Jhabua,Madhya Pradesh,Opencast,2024-12-01,8232.0,7625.0,88.6,43.0,10.8,0,25
MOIL-09,Sitapatore Mine,Jhabua,Madhya Pradesh,Opencast,2025-01-01,8614.0,8775.0,93.2,19.3,7.4,0,26
MOIL-09,Sitapatore Mine,Jhabua,Madhya Pradesh,Opencast,2025-02-01,8580.0,7681.0,89.7,23.6,16.3,0,22
MOIL-09,Sitapatore Mine,Jhabua,Madhya Pradesh,Opencast,2025-03-01,8360.0,7617.0,90.1,34.0,8.7,0,25
MOIL-09,Sitapatore Mine,Jhabua,Madhya Pradesh,Opencast,2025-04-01,8314.0,6657.0,94.0,21.2,19.4,0,23
MOIL-09,Sitapatore Mine,Jhabua,Madhya Pradesh,Opencast,2025-05-01,8389.0,8690.0,89.9,30.5,30.3,0,26
MOIL-09,Sitapatore Mine,Jhabua,Madhya Pradesh,Opencast,2025-06-01,7550.0,6440.0,84.0,45.0,235.5,0,24
MOIL-09,Sitapatore Mine,Jhabua,Madhya Pradesh,Opencast,2025-07-01,6960.0,5193.0,84.5,58.4,401.7,3,24
MOIL-09,Sitapatore Mine,Jhabua,Madhya Pradesh,Opencast,2025-08-01,7060.0,6156.0,86.0,39.3,267.1,0,25
MOIL-09,Sitapatore Mine,Jhabua,Madhya Pradesh,Opencast,2025-09-01,8059.0,7004.0,83.1,43.8,157.3,0,24
MOIL-09,Sitapatore Mine,Jhabua,Madhya Pradesh,Opencast,2025-10-01,8310.0,7588.0,93.7,18.8,81.8,0,25
MOIL-09,Sitapatore Mine,Jhabua,Madhya Pradesh,Opencast,2025-11-01,8719.0,6597.0,90.6,24.5,29.3,4,23
MOIL-09,Sitapatore Mine,Jhabua,Madhya Pradesh,Opencast,2025-12-01,8179.0,8329.0,85.9,47.4,11.6,0,26
MOIL-10,Ukwa Mine,Jhabua,Madhya Pradesh,Opencast,2022-01-01,9378.0,8578.0,89.7,33.2,8.8,0,24
MOIL-10,Ukwa Mine,Jhabua,Madhya Pradesh,Opencast,2022-02-01,8923.0,7875.0,85.0,49.7,17.5,0,23
MOIL-10,Ukwa Mine,Jhabua,Madhya Pradesh,Opencast,2022-03-01,8807.0,8522.0,89.6,26.9,20.7,2,26
MOIL-10,Ukwa Mine,Jhabua,Madhya Pradesh,Opencast,2022-04-01,8951.0,8118.0,87.0,38.5,21.3,0,23
MOIL-10,Ukwa Mine,Jhabua,Madhya Pradesh,Opencast,2022-05-01,9028.0,9005.0,88.6,32.2,39.2,0,24
MOIL-10,Ukwa Mine,Jhabua,Madhya Pradesh,Opencast,2022-06-01,7481.0,5793.0,85.3,53.9,284.8,0,23
MOIL-10,Ukwa Mine,Jhabua,Madhya Pradesh,Opencast,2022-07-01,7264.0,5167.0,81.2,45.1,375.5,1,25
MOIL-10,Ukwa Mine,Jhabua,Madhya Pradesh,Opencast,2022-08-01,7177.0,5319.0,76.2,58.7,207.2,0,24
MOIL-10,Ukwa Mine,Jhabua,Madhya Pradesh,Opencast,2022-09-01,7969.0,7054.0,84.9,49.5,168.2,1,24
MOIL-10,Ukwa Mine,Jhabua,Madhya Pradesh,Opencast,2022-10-01,8462.0,7221.0,90.0,33.4,78.9,0,23
MOIL-10,Ukwa Mine,Jhabua,Madhya Pradesh,Opencast,2022-11-01,8862.0,7480.0,85.6,47.1,22.6,3,25
MOIL-10,Ukwa Mine,Jhabua,Madhya Pradesh,Opencast,2022-12-01,8677.0,8117.0,90.5,24.1,13.8,0,25
MOIL-10,Ukwa Mine,Jhabua,Madhya Pradesh,Opencast,2023-01-01,9289.0,8681.0,89.6,31.5,8.3,0,25
MOIL-10,Ukwa Mine,Jhabua,Madhya Pradesh,Opencast,2023-02-01,8781.0,7059.0,93.6,15.2,14.4,4,22
MOIL-10,Ukwa Mine,Jhabua,Madhya Pradesh,Opencast,2023-03-01,9060.0,8525.0,86.7,39.5,11.9,2,25
MOIL-10,Ukwa Mine,Jhabua,Madhya Pradesh,Opencast,2023-04-01,9632.0,8776.0,93.5,21.9,18.9,0,24
MOIL-10,Ukwa Mine,Jhabua,Madhya Pradesh,Opencast,2023-05-01,8880.0,9044.0,91.5,33.7,35.0,0,26
MOIL-10,Ukwa Mine,Jhabua,Madhya Pradesh,Opencast,2023-06-01,7865.0,6597.0,85.2,37.6,237.6,0,25
MOIL-10,Ukwa Mine,Jhabua,Madhya Pradesh,Opencast,2023-07-01,7615.0,6063.0,81.5,50.5,360.1,0,25
MOIL-10,Ukwa Mine,Jhabua,Madhya Pradesh,Opencast,2023-08-01,6945.0,5031.0,79.1,78.6,310.8,5,26
MOIL-10,Ukwa Mine,Jhabua,Madhya Pradesh,Opencast,2023-09-01,7923.0,4974.0,81.8,53.8,134.8,5,24
MOIL-10,Ukwa Mine,Jhabua,Madhya Pradesh,Opencast,2023-10-01,9009.0,8357.0,88.4,34.5,90.6,0,24
MOIL-10,Ukwa Mine,Jhabua,Madhya Pradesh,Opencast,2023-11-01,9146.0,8502.0,92.1,28.5,38.8,0,24
MOIL-10,Ukwa Mine,Jhabua,Madhya Pradesh,Opencast,2023-12-01,9312.0,8497.0,86.6,48.2,10.6,0,25
MOIL-10,Ukwa Mine,Jhabua,Madhya Pradesh,Opencast,2024-01-01,9121.0,7785.0,89.7,35.0,5.8,0,24
MOIL-10,Ukwa Mine,Jhabua,Madhya Pradesh,Opencast,2024-02-01,9320.0,8722.0,86.9,34.3,14.6,1,24
MOIL-10,Ukwa Mine,Jhabua,Madhya Pradesh,Opencast,2024-03-01,9376.0,8664.0,87.8,41.8,19.3,0,24
MOIL-10,Ukwa Mine,Jhabua,Madhya Pradesh,Opencast,2024-04-01,9151.0,7421.0,89.0,37.5,24.1,0,23
MOIL-10,Ukwa Mine,Jhabua,Madhya Pradesh,Opencast,2024-05-01,9284.0,8797.0,88.9,42.1,48.8,0,26
MOIL-10,Ukwa Mine,Jhabua,Madhya Pradesh,Opencast,2024-06-01,7730.0,6138.0,87.9,42.0,302.1,0,23
MOIL-10,Ukwa Mine,Jhabua,Madhya Pradesh,Opencast,2024-07-01,8159.0,7224.0,89.0,40.7,326.0,1,26
MOIL-10,Ukwa Mine,Jhabua,Madhya Pradesh,Opencast,2024-08-01,7540.0,6264.0,83.2,60.8,216.6,0,25
MOIL-10,Ukwa Mine,Jhabua,Madhya Pradesh,Opencast,2024-09-01,8756.0,6021.0,92.8,21.4,204.9,3,23
MOIL-10,Ukwa Mine,Jhabua,Madhya Pradesh,Opencast,2024-10-01,8900.0,8518.0,83.8,60.3,42.9,2,26
MOIL-10,Ukwa Mine,Jhabua,Madhya Pradesh,Opencast,2024-11-01,10006.0,9205.0,91.1,22.6,40.6,0,25
MOIL-10,Ukwa Mine,Jhabua,Madhya Pradesh,Opencast,2024-12-01,9195.0,8733.0,87.9,38.8,9.7,0,25
MOIL-10,Ukwa Mine,Jhabua,Madhya Pradesh,Opencast,2025-01-01,9524.0,8555.0,88.3,33.0,9.0,0,25
MOIL-10,Ukwa Mine,Jhabua,Madhya Pradesh,Opencast,2025-02-01,9320.0,8507.0,89.2,25.4,16.5,0,23
MOIL-10,Ukwa Mine,Jhabua,Madhya Pradesh,Opencast,2025-03-01,9280.0,8443.0,85.8,45.0,21.0,0,25
MOIL-10,Ukwa Mine,Jhabua,Madhya Pradesh,Opencast,2025-04-01,10135.0,9243.0,92.8,18.5,19.0,0,23
MOIL-10,Ukwa Mine,Jhabua,Madhya Pradesh,Opencast,2025-05-01,9574.0,9738.0,91.2,22.2,39.2,0,25
MOIL-10,Ukwa Mine,Jhabua,Madhya Pradesh,Opencast,2025-06-01,8471.0,7062.0,84.9,49.3,230.2,1,24
MOIL-10,Ukwa Mine,Jhabua,Madhya Pradesh,Opencast,2025-07-01,7315.0,6017.0,83.8,57.1,368.0,1,26
MOIL-10,Ukwa Mine,Jhabua,Madhya Pradesh,Opencast,2025-08-01,7116.0,5714.0,88.2,28.7,276.2,2,25
MOIL-10,Ukwa Mine,Jhabua,Madhya Pradesh,Opencast,2025-09-01,8099.0,6994.0,83.1,44.2,265.5,0,25
MOIL-10,Ukwa Mine,Jhabua,Madhya Pradesh,Opencast,2025-10-01,8904.0,7100.0,91.8,29.4,52.0,2,25
MOIL-10,Ukwa Mine,Jhabua,Madhya Pradesh,Opencast,2025-11-01,9825.0,8444.0,92.7,19.3,38.5,0,22
MOIL-10,Ukwa Mine,Jhabua,Madhya Pradesh,Opencast,2025-12-01,10112.0,9315.0,86.7,49.6,9.3,1,26
MOIL-11,Parsioni Mine,Nagpur,Maharashtra,Underground,2022-01-01,11102.0,9970.0,82.0,60.0,5.7,0,25
MOIL-11,Parsioni Mine,Nagpur,Maharashtra,Underground,2022-02-01,11001.0,9277.0,86.3,44.2,10.0,0,23
MOIL-11,Parsioni Mine,Nagpur,Maharashtra,Underground,2022-03-01,11126.0,9048.0,78.9,71.9,15.2,0,24
MOIL-11,Parsioni Mine,Nagpur,Maharashtra,Underground,2022-04-01,11080.0,9346.0,85.5,50.4,17.4,0,23
MOIL-11,Parsioni Mine,Nagpur,Maharashtra,Underground,2022-05-01,10386.0,7732.0,88.0,37.9,32.8,5,24
MOIL-11,Parsioni Mine,Nagpur,Maharashtra,Underground,2022-06-01,9445.0,7610.0,86.3,43.2,215.7,1,25
MOIL-11,Parsioni Mine,Nagpur,Maharashtra,Underground,2022-07-01,8892.0,6839.0,80.5,61.2,279.3,0,25
MOIL-11,Parsioni Mine,Nagpur,Maharashtra,Underground,2022-08-01,9109.0,7984.0,81.4,60.6,188.0,0,25
MOIL-11,Parsioni Mine,Nagpur,Maharashtra,Underground,2022-09-01,9760.0,6277.0,74.5,75.4,242.1,0,23
MOIL-11,Parsioni Mine,Nagpur,Maharashtra,Underground,2022-10-01,10243.0,8363.0,87.3,29.6,39.5,0,23
MOIL-11,Parsioni Mine,Nagpur,Maharashtra,Underground,2022-11-01,11263.0,9551.0,86.2,54.5,21.4,0,25
MOIL-11,Parsioni Mine,Nagpur,Maharashtra,Underground,2022-12-01,10841.0,10237.0,92.6,27.5,10.1,0,26
MOIL-11,Parsioni Mine,Nagpur,Maharashtra,Underground,2023-01-01,10767.0,9449.0,86.0,48.5,5.6,0,23
MOIL-11,Parsioni Mine,Nagpur,Maharashtra,Underground,2023-02-01,11667.0,8032.0,82.3,54.1,17.8,0,21
MOIL-11,Parsioni Mine,Nagpur,Maharashtra,Underground,2023-03-01,11025.0,10181.0,91.5,28.2,14.7,0,25
MOIL-11,Parsioni Mine,Nagpur,Maharashtra,Underground,2023-04-01,11945.0,11208.0,87.5,37.4,20.2,0,24
MOIL-11,Parsioni Mine,Nagpur,Maharashtra,Underground,2023-05-01,11190.0,9915.0,87.6,44.0,44.2,0,25
MOIL-11,Parsioni Mine,Nagpur,Maharashtra,Underground,2023-06-01,9462.0,6005.0,77.0,81.1,204.6,0,23
MOIL-11,Parsioni Mine,Nagpur,Maharashtra,Underground,2023-07-01,8528.0,6211.0,86.5,32.1,201.5,0,24
MOIL-11,Parsioni Mine,Nagpur,Maharashtra,Underground,2023-08-01,8275.0,6524.0,75.2,85.7,221.9,0,26
MOIL-11,Parsioni Mine,Nagpur,Maharashtra,Underground,2023-09-01,10041.0,8191.0,84.3,50.5,153.0,0,24
MOIL-11,Parsioni Mine,Nagpur,Maharashtra,Underground,2023-10-01,10155.0,8446.0,90.6,30.8,84.6,1,25
MOIL-11,Parsioni Mine,Nagpur,Maharashtra,Underground,2023-11-01,10845.0,9797.0,89.1,33.0,18.9,0,25
MOIL-11,Parsioni Mine,Nagpur,Maharashtra,Underground,2023-12-01,10875.0,8802.0,91.2,24.5,11.0,3,24
MOIL-11,Parsioni Mine,Nagpur,Maharashtra,Underground,2024-01-01,12001.0,11660.0,89.3,41.2,10.1,0,26
MOIL-11,Parsioni Mine,Nagpur,Maharashtra,Underground,2024-02-01,11227.0,8289.0,88.4,33.8,16.8,0,22
MOIL-11,Parsioni Mine,Nagpur,Maharashtra,Underground,2024-03-01,10791.0,8890.0,89.9,31.3,15.6,1,24
MOIL-11,Parsioni Mine,Nagpur,Maharashtra,Underground,2024-04-01,11404.0,10288.0,83.7,63.3,20.2,0,25
MOIL-11,Parsioni Mine,Nagpur,Maharashtra,Underground,2024-05-01,12053.0,12023.0,89.0,39.2,40.2,0,26
MOIL-11,Parsioni Mine,Nagpur,Maharashtra,Underground,2024-06-01,9887.0,6865.0,78.4,65.0,181.5,3,23
MOIL-11,Parsioni Mine,Nagpur,Maharashtra,Underground,2024-07-01,8932.0,8114.0,86.9,51.6,114.0,0,26
MOIL-11,Parsioni Mine,Nagpur,Maharashtra,Underground,2024-08-01,9274.0,7050.0,82.7,63.6,219.9,3,26
MOIL-11,Parsioni Mine,Nagpur,Maharashtra,Underground,2024-09-01,10506.0,8349.0,80.0,68.4,205.2,0,24
MOIL-11,Parsioni Mine,Nagpur,Maharashtra,Underground,2024-10-01,10717.0,9868.0,90.2,35.9,78.8,0,26
MOIL-11,Parsioni Mine,Nagpur,Maharashtra,Underground,2024-11-01,11324.0,8324.0,88.8,36.3,26.3,5,25
MOIL-11,Parsioni Mine,Nagpur,Maharashtra,Underground,2024-12-01,11066.0,9757.0,84.3,39.2,13.2,0,24
MOIL-11,Parsioni Mine,Nagpur,Maharashtra,Underground,2025-01-01,11477.0,11503.0,89.9,26.5,7.7,0,26
MOIL-11,Parsioni Mine,Nagpur,Maharashtra,Underground,2025-02-01,11884.0,9127.0,88.7,25.8,7.3,0,23
MOIL-11,Parsioni Mine,Nagpur,Maharashtra,Underground,2025-03-01,12039.0,10905.0,86.0,36.3,15.8,0,24
MOIL-11,Parsioni Mine,Nagpur,Maharashtra,Underground,2025-04-01,11220.0,10819.0,83.5,53.1,17.0,0,24
MOIL-11,Parsioni Mine,Nagpur,Maharashtra,Underground,2025-05-01,11282.0,10313.0,88.9,30.0,25.7,3,26
MOIL-11,Parsioni Mine,Nagpur,Maharashtra,Underground,2025-06-01,10430.0,7702.0,82.6,39.9,237.8,0,23
MOIL-11,Parsioni Mine,Nagpur,Maharashtra,Underground,2025-07-01,9152.0,7394.0,80.9,53.0,294.0,0,26
MOIL-11,Parsioni Mine,Nagpur,Maharashtra,Underground,2025-08-01,9012.0,6715.0,80.6,51.6,222.4,3,24
MOIL-11,Parsioni Mine,Nagpur,Maharashtra,Underground,2025-09-01,9738.0,7925.0,79.0,55.5,86.9,0,23
MOIL-11,Parsioni Mine,Nagpur,Maharashtra,Underground,2025-10-01,11165.0,10754.0,89.1,30.3,60.2,0,26
MOIL-11,Parsioni Mine,Nagpur,Maharashtra,Underground,2025-11-01,12108.0,10435.0,85.2,36.2,19.2,1,24
MOIL-11,Parsioni Mine,Nagpur,Maharashtra,Underground,2025-12-01,11244.0,11689.0,91.0,30.5,7.8,0,26
MOIL-12,Mansar Mine,Nagpur,Maharashtra,Opencast,2022-01-01,14458.0,13627.0,88.3,35.6,7.9,0,23
MOIL-12,Mansar Mine,Nagpur,Maharashtra,Opencast,2022-02-01,14037.0,10906.0,90.4,26.6,10.1,0,23
MOIL-12,Mansar Mine,Nagpur,Maharashtra,Opencast,2022-03-01,14098.0,14737.0,91.8,21.4,16.4,0,26
MOIL-12,Mansar Mine,Nagpur,Maharashtra,Opencast,2022-04-01,13401.0,12907.0,94.3,15.0,15.2,0,25
MOIL-12,Mansar Mine,Nagpur,Maharashtra,Opencast,2022-05-01,13712.0,13057.0,90.7,35.9,27.2,0,25
MOIL-12,Mansar Mine,Nagpur,Maharashtra,Opencast,2022-06-01,12194.0,10173.0,80.3,55.8,180.6,0,25
MOIL-12,Mansar Mine,Nagpur,Maharashtra,Opencast,2022-07-01,11058.0,9302.0,86.5,53.7,282.0,0,25
MOIL-12,Mansar Mine,Nagpur,Maharashtra,Opencast,2022-08-01,11701.0,9585.0,84.0,54.3,196.0,0,24
MOIL-12,Mansar Mine,Nagpur,Maharashtra,Opencast,2022-09-01,12897.0,10522.0,80.2,60.1,180.6,0,24
MOIL-12,Mansar Mine,Nagpur,Maharashtra,Opencast,2022-10-01,14069.0,12156.0,86.5,34.1,80.2,1,24
MOIL-12,Mansar Mine,Nagpur,Maharashtra,Opencast,2022-11-01,14606.0,12796.0,93.4,16.9,19.5,0,24
MOIL-12,Mansar Mine,Nagpur,Maharashtra,Opencast,2022-12-01,13956.0,13074.0,90.0,35.5,15.7,0,25
MOIL-12,Mansar Mine,Nagpur,Maharashtra,Opencast,2023-01-01,13631.0,12594.0,91.2,30.0,5.3,0,25
MOIL-12,Mansar Mine,Nagpur,Maharashtra,Opencast,2023-02-01,13767.0,10293.0,91.6,23.0,17.8,0,23
MOIL-12,Mansar Mine,Nagpur,Maharashtra,Opencast,2023-03-01,14398.0,12885.0,88.8,35.7,21.6,2,25
MOIL-12,Mansar Mine,Nagpur,Maharashtra,Opencast,2023-04-01,14332.0,12608.0,86.8,36.4,23.1,2,23
MOIL-12,Mansar Mine,Nagpur,Maharashtra,Opencast,2023-05-01,13920.0,12482.0,86.5,45.8,32.2,0,24
MOIL-12,Mansar Mine,Nagpur,Maharashtra,Opencast,2023-06-01,12874.0,11093.0,82.7,58.9,223.1,0,24
MOIL-12,Mansar Mine,Nagpur,Maharashtra,Opencast,2023-07-01,10988.0,9033.0,80.3,59.6,263.8,0,25
MOIL-12,Mansar Mine,Nagpur,Maharashtra,Opencast,2023-08-01,10900.0,9987.0,83.1,42.4,155.7,0,26
MOIL-12,Mansar Mine,Nagpur,Maharashtra,Opencast,2023-09-01,12399.0,10074.0,87.7,35.6,214.2,3,25
MOIL-12,Mansar Mine,Nagpur,Maharashtra,Opencast,2023-10-01,13796.0,12778.0,91.5,23.1,57.1,0,25
MOIL-12,Mansar Mine,Nagpur,Maharashtra,Opencast,2023-11-01,14296.0,13284.0,93.6,14.9,39.9,0,24
MOIL-12,Mansar Mine,Nagpur,Maharashtra,Opencast,2023-12-01,15167.0,13919.0,83.9,51.5,11.3,3,25
MOIL-12,Mansar Mine,Nagpur,Maharashtra,Opencast,2024-01-01,14228.0,14420.0,87.1,50.9,8.8,0,26
MOIL-12,Mansar Mine,Nagpur,Maharashtra,Opencast,2024-02-01,14734.0,12749.0,90.0,28.8,10.1,0,23
MOIL-12,Mansar Mine,Nagpur,Maharashtra,Opencast,2024-03-01,14806.0,12340.0,87.5,43.4,14.4,1,23
MOIL-12,Mansar Mine,Nagpur,Maharashtra,Opencast,2024-04-01,14312.0,13338.0,93.6,17.0,21.5,0,24
MOIL-12,Mansar Mine,Nagpur,Maharashtra,Opencast,2024-05-01,14390.0,14693.0,90.7,25.7,26.3,0,26
MOIL-12,Mansar Mine,Nagpur,Maharashtra,Opencast,2024-06-01,13318.0,11249.0,85.0,43.5,180.9,0,23
MOIL-12,Mansar Mine,Nagpur,Maharashtra,Opencast,2024-07-01,11340.0,8994.0,79.5,75.2,272.9,0,25
MOIL-12,Mansar Mine,Nagpur,Maharashtra,Opencast,2024-08-01,10829.0,8992.0,86.2,47.1,277.2,2,26
MOIL-12,Mansar Mine,Nagpur,Maharashtra,Opencast,2024-09-01,12529.0,10031.0,81.2,61.1,177.5,2,23
MOIL-12,Mansar Mine,Nagpur,Maharashtra,Opencast,2024-10-01,14006.0,13312.0,88.9,43.9,51.9,0,26
MOIL-12,Mansar Mine,Nagpur,Maharashtra,Opencast,2024-11-01,14534.0,11391.0,89.4,26.8,24.0,4,25
MOIL-12,Mansar Mine,Nagpur,Maharashtra,Opencast,2024-12-01,14062.0,13002.0,92.6,17.6,10.8,1,24
MOIL-12,Mansar Mine,Nagpur,Maharashtra,Opencast,2025-01-01,14757.0,14488.0,87.7,46.2,7.1,0,26
MOIL-12,Mansar Mine,Nagpur,Maharashtra,Opencast,2025-02-01,14719.0,12628.0,87.6,43.4,13.6,0,23
MOIL-12,Mansar Mine,Nagpur,Maharashtra,Opencast,2025-03-01,15206.0,14089.0,90.4,30.1,17.0,1,24
MOIL-12,Mansar Mine,Nagpur,Maharashtra,Opencast,2025-04-01,14273.0,13781.0,87.9,34.0,21.3,0,25
MOIL-12,Mansar Mine,Nagpur,Maharashtra,Opencast,2025-05-01,14317.0,14108.0,90.5,30.6,30.3,0,25
MOIL-12,Mansar Mine,Nagpur,Maharashtra,Opencast,2025-06-01,13317.0,11939.0,88.2,32.6,104.2,1,24
MOIL-12,Mansar Mine,Nagpur,Maharashtra,Opencast,2025-07-01,11548.0,10257.0,87.0,50.7,292.0,1,26
MOIL-12,Mansar Mine,Nagpur,Maharashtra,Opencast,2025-08-01,11163.0,8192.0,82.7,39.5,276.5,0,23
MOIL-12,Mansar Mine,Nagpur,Maharashtra,Opencast,2025-09-01,12681.0,10039.0,87.0,39.0,221.9,3,25
MOIL-12,Mansar Mine,Nagpur,Maharashtra,Opencast,2025-10-01,13316.0,12336.0,94.0,24.1,51.6,0,26
MOIL-12,Mansar Mine,Nagpur,Maharashtra,Opencast,2025-11-01,14881.0,12234.0,93.9,20.6,33.4,0,22
MOIL-12,Mansar Mine,Nagpur,Maharashtra,Opencast,2025-12-01,15210.0,14522.0,92.0,21.1,13.5,0,26
MOIL-13,Garbham Mine,Vizianagaram,Andhra Pradesh,Opencast,2022-01-01,8901.0,7988.0,83.4,55.2,8.7,0,24
MOIL-13,Garbham Mine,Vizianagaram,Andhra Pradesh,Opencast,2022-02-01,8840.0,8011.0,89.1,31.3,13.3,0,21
MOIL-13,Garbham Mine,Vizianagaram,Andhra Pradesh,Opencast,2022-03-01,9413.0,9226.0,86.0,38.0,10.4,0,25
MOIL-13,Garbham Mine,Vizianagaram,Andhra Pradesh,Opencast,2022-04-01,8981.0,7332.0,91.4,24.7,11.1,2,23
MOIL-13,Garbham Mine,Vizianagaram,Andhra Pradesh,Opencast,2022-05-01,8920.0,8989.0,92.5,26.7,27.3,0,25
MOIL-13,Garbham Mine,Vizianagaram,Andhra Pradesh,Opencast,2022-06-01,7314.0,5636.0,86.4,50.2,203.1,2,25
MOIL-13,Garbham Mine,Vizianagaram,Andhra Pradesh,Opencast,2022-07-01,8014.0,6625.0,84.6,36.2,246.6,0,24
MOIL-13,Garbham Mine,Vizianagaram,Andhra Pradesh,Opencast,2022-08-01,8040.0,6849.0,88.9,32.2,252.3,0,26
MOIL-13,Garbham Mine,Vizianagaram,Andhra Pradesh,Opencast,2022-09-01,8352.0,6958.0,81.3,66.8,121.9,1,24
MOIL-13,Garbham Mine,Vizianagaram,Andhra Pradesh,Opencast,2022-10-01,9101.0,7883.0,83.7,61.2,55.6,0,24
MOIL-13,Garbham Mine,Vizianagaram,Andhra Pradesh,Opencast,2022-11-01,9133.0,8370.0,85.0,42.8,8.1,2,24
MOIL-13,Garbham Mine,Vizianagaram,Andhra Pradesh,Opencast,2022-12-01,9243.0,8874.0,90.7,29.0,9.6,1,24
MOIL-13,Garbham Mine,Vizianagaram,Andhra Pradesh,Opencast,2023-01-01,9404.0,9052.0,92.9,17.3,5.3,0,24
MOIL-13,Garbham Mine,Vizianagaram,Andhra Pradesh,Opencast,2023-02-01,9130.0,8120.0,93.4,21.2,5.6,0,23
MOIL-13,Garbham Mine,Vizianagaram,Andhra Pradesh,Opencast,2023-03-01,9143.0,8712.0,92.2,26.1,11.7,0,26
MOIL-13,Garbham Mine,Vizianagaram,Andhra Pradesh,Opencast,2023-04-01,9125.0,8440.0,92.2,27.1,15.1,0,24
MOIL-13,Garbham Mine,Vizianagaram,Andhra Pradesh,Opencast,2023-05-01,9345.0,8973.0,85.1,60.7,26.5,0,26
MOIL-13,Garbham Mine,Vizianagaram,Andhra Pradesh,Opencast,2023-06-01,8138.0,6656.0,79.0,49.1,156.3,0,24
MOIL-13,Garbham Mine,Vizianagaram,Andhra Pradesh,Opencast,2023-07-01,6852.0,5663.0,85.8,53.2,237.0,0,25
MOIL-13,Garbham Mine,Vizianagaram,Andhra Pradesh,Opencast,2023-08-01,7120.0,6708.0,83.0,61.8,154.2,0,26
MOIL-13,Garbham Mine,Vizianagaram,Andhra Pradesh,Opencast,2023-09-01,8145.0,6692.0,83.4,52.7,130.5,0,23
MOIL-13,Garbham Mine,Vizianagaram,Andhra Pradesh,Opencast,2023-10-01,8743.0,7868.0,86.8,44.2,66.4,0,25
MOIL-13,Garbham Mine,Vizianagaram,Andhra Pradesh,Opencast,2023-11-01,8807.0,7847.0,84.3,50.7,14.7,0,24
MOIL-13,Garbham Mine,Vizianagaram,Andhra Pradesh,Opencast,2023-12-01,8995.0,8276.0,92.1,21.5,6.5,2,25
MOIL-13,Garbham Mine,Vizianagaram,Andhra Pradesh,Opencast,2024-01-01,9371.0,10011.0,92.5,28.5,7.5,0,26
MOIL-13,Garbham Mine,Vizianagaram,Andhra Pradesh,Opencast,2024-02-01,9209.0,7818.0,88.7,27.2,12.1,0,22
MOIL-13,Garbham Mine,Vizianagaram,Andhra Pradesh,Opencast,2024-03-01,9562.0,8043.0,90.4,21.3,15.6,1,23
MOIL-13,Garbham Mine,Vizianagaram,Andhra Pradesh,Opencast,2024-04-01,9357.0,8328.0,87.4,39.9,18.8,0,24
MOIL-13,Garbham Mine,Vizianagaram,Andhra Pradesh,Opencast,2024-05-01,9224.0,8950.0,92.0,30.1,48.7,0,26
MOIL-13,Garbham Mine,Vizianagaram,Andhra Pradesh,Opencast,2024-06-01,7967.0,6226.0,90.3,29.4,131.8,2,23
MOIL-13,Garbham Mine,Vizianagaram,Andhra Pradesh,Opencast,2024-07-01,7557.0,6353.0,85.8,48.9,265.4,0,26
MOIL-13,Garbham Mine,Vizianagaram,Andhra Pradesh,Opencast,2024-08-01,7372.0,5991.0,77.5,70.5,218.7,0,26
MOIL-13,Garbham Mine,Vizianagaram,Andhra Pradesh,Opencast,2024-09-01,7960.0,6142.0,83.9,49.7,172.2,3,23
MOIL-13,Garbham Mine,Vizianagaram,Andhra Pradesh,Opencast,2024-10-01,9028.0,8267.0,91.1,25.9,56.1,1,26
MOIL-13,Garbham Mine,Vizianagaram,Andhra Pradesh,Opencast,2024-11-01,9717.0,9497.0,90.0,30.5,30.7,0,25
MOIL-13,Garbham Mine,Vizianagaram,Andhra Pradesh,Opencast,2024-12-01,9810.0,9970.0,87.8,30.7,10.5,0,24
MOIL-13,Garbham Mine,Vizianagaram,Andhra Pradesh,Opencast,2025-01-01,9533.0,9988.0,92.5,24.3,7.1,0,26
MOIL-13,Garbham Mine,Vizianagaram,Andhra Pradesh,Opencast,2025-02-01,9718.0,6533.0,90.9,28.9,6.2,4,21
MOIL-13,Garbham Mine,Vizianagaram,Andhra Pradesh,Opencast,2025-03-01,9101.0,9573.0,88.5,30.1,7.9,0,25
MOIL-13,Garbham Mine,Vizianagaram,Andhra Pradesh,Opencast,2025-04-01,9319.0,8268.0,93.6,16.2,18.2,1,24
MOIL-13,Garbham Mine,Vizianagaram,Andhra Pradesh,Opencast,2025-05-01,9679.0,8839.0,92.2,25.3,19.8,0,25
MOIL-13,Garbham Mine,Vizianagaram,Andhra Pradesh,Opencast,2025-06-01,8573.0,7658.0,84.7,49.0,104.7,0,23
MOIL-13,Garbham Mine,Vizianagaram,Andhra Pradesh,Opencast,2025-07-01,7989.0,6878.0,82.6,65.0,304.7,1,26
MOIL-13,Garbham Mine,Vizianagaram,Andhra Pradesh,Opencast,2025-08-01,7367.0,5487.0,88.8,38.3,252.1,0,23
MOIL-13,Garbham Mine,Vizianagaram,Andhra Pradesh,Opencast,2025-09-01,8325.0,6305.0,83.7,58.3,130.9,2,24
MOIL-13,Garbham Mine,Vizianagaram,Andhra Pradesh,Opencast,2025-10-01,8941.0,7867.0,87.0,41.2,52.2,0,24
MOIL-13,Garbham Mine,Vizianagaram,Andhra Pradesh,Opencast,2025-11-01,9105.0,7686.0,90.0,23.2,22.3,0,23
MOIL-13,Garbham Mine,Vizianagaram,Andhra Pradesh,Opencast,2025-12-01,9490.0,8860.0,93.7,21.7,8.0,0,26
MOIL-14,Koduru Mine,Vizianagaram,Andhra Pradesh,Opencast,2022-01-01,7091.0,6288.0,87.6,45.8,5.9,0,24
MOIL-14,Koduru Mine,Vizianagaram,Andhra Pradesh,Opencast,2022-02-01,6811.0,5897.0,93.0,20.1,11.3,0,23
MOIL-14,Koduru Mine,Vizianagaram,Andhra Pradesh,Opencast,2022-03-01,7086.0,6819.0,90.1,37.6,6.4,0,25
MOIL-14,Koduru Mine,Vizianagaram,Andhra Pradesh,Opencast,2022-04-01,6589.0,6103.0,89.0,31.4,20.8,0,25
MOIL-14,Koduru Mine,Vizianagaram,Andhra Pradesh,Opencast,2022-05-01,6614.0,5969.0,85.5,53.4,28.3,0,25
MOIL-14,Koduru Mine,Vizianagaram,Andhra Pradesh,Opencast,2022-06-01,6315.0,5704.0,83.6,52.0,150.4,0,25
MOIL-14,Koduru Mine,Vizianagaram,Andhra Pradesh,Opencast,2022-07-01,5516.0,4087.0,79.1,53.1,277.3,0,25
MOIL-14,Koduru Mine,Vizianagaram,Andhra Pradesh,Opencast,2022-08-01,5631.0,4788.0,86.9,31.8,100.7,2,25
MOIL-14,Koduru Mine,Vizianagaram,Andhra Pradesh,Opencast,2022-09-01,5981.0,5670.0,87.0,43.2,85.1,0,25
MOIL-14,Koduru Mine,Vizianagaram,Andhra Pradesh,Opencast,2022-10-01,6540.0,6158.0,88.4,42.1,49.6,0,25
MOIL-14,Koduru Mine,Vizianagaram,Andhra Pradesh,Opencast,2022-11-01,7007.0,5834.0,89.8,25.6,24.9,0,23
MOIL-14,Koduru Mine,Vizianagaram,Andhra Pradesh,Opencast,2022-12-01,6627.0,5705.0,87.7,32.7,3.4,1,24
MOIL-14,Koduru Mine,Vizianagaram,Andhra Pradesh,Opencast,2023-01-01,6994.0,6016.0,88.2,34.4,8.0,0,23
MOIL-14,Koduru Mine,Vizianagaram,Andhra Pradesh,Opencast,2023-02-01,7111.0,5532.0,92.0,17.4,9.6,2,22
MOIL-14,Koduru Mine,Vizianagaram,Andhra Pradesh,Opencast,2023-03-01,6724.0,5639.0,93.0,20.4,17.0,2,25
MOIL-14,Koduru Mine,Vizianagaram,Andhra Pradesh,Opencast,2023-04-01,7314.0,6356.0,91.2,20.0,16.9,0,23
MOIL-14,Koduru Mine,Vizianagaram,Andhra Pradesh,Opencast,2023-05-01,7270.0,6587.0,94.9,12.8,28.5,0,26
MOIL-14,Koduru Mine,Vizianagaram,Andhra Pradesh,Opencast,2023-06-01,6373.0,5132.0,85.4,40.3,154.4,3,24
MOIL-14,Koduru Mine,Vizianagaram,Andhra Pradesh,Opencast,2023-07-01,5819.0,4527.0,81.1,61.9,263.6,3,25
MOIL-14,Koduru Mine,Vizianagaram,Andhra Pradesh,Opencast,2023-08-01,5889.0,4881.0,81.4,55.1,144.6,0,24
MOIL-14,Koduru Mine,Vizianagaram,Andhra Pradesh,Opencast,2023-09-01,6389.0,5016.0,87.8,38.1,234.1,1,23
MOIL-14,Koduru Mine,Vizianagaram,Andhra Pradesh,Opencast,2023-10-01,6644.0,6049.0,87.8,34.2,24.1,0,25
MOIL-14,Koduru Mine,Vizianagaram,Andhra Pradesh,Opencast,2023-11-01,7416.0,7240.0,91.6,25.0,19.2,0,25
MOIL-14,Koduru Mine,Vizianagaram,Andhra Pradesh,Opencast,2023-12-01,7066.0,7505.0,86.8,45.8,11.3,0,25
MOIL-14,Koduru Mine,Vizianagaram,Andhra Pradesh,Opencast,2024-01-01,7177.0,7774.0,92.2,26.4,5.9,0,26
MOIL-14,Koduru Mine,Vizianagaram,Andhra Pradesh,Opencast,2024-02-01,6975.0,6517.0,89.8,37.3,8.3,0,24
MOIL-14,Koduru Mine,Vizianagaram,Andhra Pradesh,Opencast,2024-03-01,7287.0,7128.0,89.2,41.5,13.4,0,25
MOIL-14,Koduru Mine,Vizianagaram,Andhra Pradesh,Opencast,2024-04-01,7168.0,6632.0,90.0,25.4,18.4,2,24
MOIL-14,Koduru Mine,Vizianagaram,Andhra Pradesh,Opencast,2024-05-01,7104.0,7077.0,90.0,34.2,19.7,0,25
MOIL-14,Koduru Mine,Vizianagaram,Andhra Pradesh,Opencast,2024-06-01,6730.0,5898.0,90.5,25.3,48.2,1,23
MOIL-14,Koduru Mine,Vizianagaram,Andhra Pradesh,Opencast,2024-07-01,5848.0,4950.0,81.6,51.1,304.9,0,25
MOIL-14,Koduru Mine,Vizianagaram,Andhra Pradesh,Opencast,2024-08-01,5985.0,5153.0,82.9,48.1,203.0,0,26
MOIL-14,Koduru Mine,Vizianagaram,Andhra Pradesh,Opencast,2024-09-01,6389.0,4921.0,84.9,36.4,203.4,1,24
MOIL-14,Koduru Mine,Vizianagaram,Andhra Pradesh,Opencast,2024-10-01,7000.0,6805.0,91.8,29.0,61.8,0,26
MOIL-14,Koduru Mine,Vizianagaram,Andhra Pradesh,Opencast,2024-11-01,7560.0,7250.0,90.9,24.0,22.1,0,24
MOIL-14,Koduru Mine,Vizianagaram,Andhra Pradesh,Opencast,2024-12-01,7197.0,6910.0,84.2,50.5,7.3,0,24
MOIL-14,Koduru Mine,Vizianagaram,Andhra Pradesh,Opencast,2025-01-01,7398.0,6531.0,90.2,29.5,6.5,0,24
MOIL-14,Koduru Mine,Vizianagaram,Andhra Pradesh,Opencast,2025-02-01,7417.0,5718.0,90.7,31.1,8.5,2,23
MOIL-14,Koduru Mine,Vizianagaram,Andhra Pradesh,Opencast,2025-03-01,7944.0,7222.0,92.2,24.0,10.4,0,23
MOIL-14,Koduru Mine,Vizianagaram,Andhra Pradesh,Opencast,2025-04-01,7702.0,7023.0,90.5,24.8,2.0,0,25
MOIL-14,Koduru Mine,Vizianagaram,Andhra Pradesh,Opencast,2025-05-01,7154.0,6909.0,87.8,38.2,25.5,0,26
MOIL-14,Koduru Mine,Vizianagaram,Andhra Pradesh,Opencast,2025-06-01,6559.0,5258.0,85.0,53.3,154.2,0,23
MOIL-14,Koduru Mine,Vizianagaram,Andhra Pradesh,Opencast,2025-07-01,5864.0,4721.0,86.6,34.5,231.8,0,26
MOIL-14,Koduru Mine,Vizianagaram,Andhra Pradesh,Opencast,2025-08-01,5992.0,4740.0,77.5,55.7,268.0,0,25
MOIL-14,Koduru Mine,Vizianagaram,Andhra Pradesh,Opencast,2025-09-01,6189.0,4911.0,83.5,40.9,179.7,3,25
MOIL-14,Koduru Mine,Vizianagaram,Andhra Pradesh,Opencast,2025-10-01,6817.0,6726.0,85.9,57.8,38.5,0,26
MOIL-14,Koduru Mine,Vizianagaram,Andhra Pradesh,Opencast,2025-11-01,7158.0,6201.0,89.2,33.5,18.2,0,23
MOIL-14,Koduru Mine,Vizianagaram,Andhra Pradesh,Opencast,2025-12-01,7579.0,6348.0,91.5,20.6,9.3,2,24
